-- phpMyAdmin SQL Dump
-- version 4.0.4.1
-- http://www.phpmyadmin.net
--
-- Host: 127.0.0.1
-- Generation Time: Jan 28, 2017 at 12:35 PM
-- Server version: 5.6.11
-- PHP Version: 5.5.1

SET SQL_MODE = "NO_AUTO_VALUE_ON_ZERO";
SET time_zone = "+00:00";


/*!40101 SET @OLD_CHARACTER_SET_CLIENT=@@CHARACTER_SET_CLIENT */;
/*!40101 SET @OLD_CHARACTER_SET_RESULTS=@@CHARACTER_SET_RESULTS */;
/*!40101 SET @OLD_COLLATION_CONNECTION=@@COLLATION_CONNECTION */;
/*!40101 SET NAMES utf8 */;

--
-- Database: `ilab`
--
CREATE DATABASE IF NOT EXISTS `ilab` DEFAULT CHARACTER SET latin1 COLLATE latin1_swedish_ci;
USE `ilab`;

-- --------------------------------------------------------

--
-- Table structure for table `invent_borrow`
--

CREATE TABLE IF NOT EXISTS `invent_borrow` (
  `borrow_id` int(11) NOT NULL AUTO_INCREMENT,
  `borrow_borrower` varchar(32) NOT NULL,
  `borrow_date` datetime NOT NULL,
  `borrow_note` text,
  PRIMARY KEY (`borrow_id`)
) ENGINE=InnoDB  DEFAULT CHARSET=latin1 AUTO_INCREMENT=20 ;

--
-- Dumping data for table `invent_borrow`
--

INSERT INTO `invent_borrow` (`borrow_id`, `borrow_borrower`, `borrow_date`, `borrow_note`) VALUES
(13, 'adi', '2016-01-18 15:40:55', ''),
(14, 'adi', '2016-01-19 07:36:57', 'tes'),
(15, '201410370311209', '2016-03-04 10:38:44', ''),
(16, '201410370311209', '2016-03-04 10:38:44', ''),
(17, '201210370311108', '2016-09-28 22:36:53', ''),
(18, '201210370311108', '2016-09-28 23:52:02', ''),
(19, '201210370311108', '2016-09-28 23:52:42', '');

-- --------------------------------------------------------

--
-- Table structure for table `invent_borrow_detail`
--

CREATE TABLE IF NOT EXISTS `invent_borrow_detail` (
  `borrow_id` int(11) NOT NULL,
  `sub_stuff_id` int(11) NOT NULL,
  `borrow_return_date` datetime DEFAULT NULL
) ENGINE=InnoDB DEFAULT CHARSET=latin1;

--
-- Dumping data for table `invent_borrow_detail`
--

INSERT INTO `invent_borrow_detail` (`borrow_id`, `sub_stuff_id`, `borrow_return_date`) VALUES
(17, 1258, '2016-09-28 23:55:22'),
(18, 1259, '2016-09-28 23:56:41'),
(19, 1258, '2016-09-28 23:55:22');

-- --------------------------------------------------------

--
-- Table structure for table `invent_broken`
--

CREATE TABLE IF NOT EXISTS `invent_broken` (
  `broken_id` int(11) NOT NULL AUTO_INCREMENT,
  `sub_stuff_id` int(11) NOT NULL,
  `broken_problem` varchar(255) NOT NULL,
  `broken_date` date DEFAULT NULL,
  `broken_status` tinyint(1) DEFAULT NULL,
  PRIMARY KEY (`broken_id`)
) ENGINE=InnoDB  DEFAULT CHARSET=latin1 AUTO_INCREMENT=31 ;

--
-- Dumping data for table `invent_broken`
--

INSERT INTO `invent_broken` (`broken_id`, `sub_stuff_id`, `broken_problem`, `broken_date`, `broken_status`) VALUES
(2, 952, 'tes', '2016-01-07', 0),
(5, 1096, 'Robek', '2016-01-11', 0),
(6, 1097, 'Putus', '2016-01-18', 0),
(10, 1154, 'Tidak menyimpan listrik', '2016-01-20', 0),
(11, 1213, 'Tidak bisa boot. Harddisk tidak terbaca', '2016-01-20', 0),
(12, 1222, 'Driver VGA belum diinstall', '2016-01-20', 0),
(13, 1251, 'Driver VGA belum diinstall', '2016-01-20', 0),
(14, 1252, 'Driver VGA belum diinstall', '2016-01-20', 0),
(15, 1255, 'Terbakar', '2016-01-20', 0),
(21, 1258, 'mati', '2016-09-18', 2),
(22, 1258, 'oyi', '2016-09-18', 3),
(23, 1258, 'mati', '2016-09-18', 2),
(24, 1258, 'oke', '2016-09-18', 2),
(25, 1258, 'mati', '2016-09-18', 2),
(26, 1258, 'mati', '2016-09-18', 3),
(27, 1258, 'mati', '2016-09-18', 2),
(28, 1258, 'mati', '2016-09-18', 3),
(29, 1258, 'terbakar', '2016-09-18', 3),
(30, 1258, 'terbakar', '2016-09-18', 3);

-- --------------------------------------------------------

--
-- Table structure for table `invent_checking`
--

CREATE TABLE IF NOT EXISTS `invent_checking` (
  `checking_id` int(11) NOT NULL AUTO_INCREMENT,
  `checking_time` datetime NOT NULL,
  `checking_name` varchar(100) NOT NULL,
  `checking_note` text,
  PRIMARY KEY (`checking_id`)
) ENGINE=InnoDB  DEFAULT CHARSET=latin1 AUTO_INCREMENT=18 ;

--
-- Dumping data for table `invent_checking`
--

INSERT INTO `invent_checking` (`checking_id`, `checking_time`, `checking_name`, `checking_note`) VALUES
(1, '2015-12-21 12:35:42', 'tes', 'testes'),
(2, '2015-12-21 12:36:28', 'tes', ''),
(3, '2015-12-21 13:43:09', 'tes', ''),
(4, '2015-12-21 13:46:00', 'tes', 'asd'),
(5, '2015-12-21 13:46:00', 'tes', 'asd'),
(6, '2015-12-21 13:49:55', 'tes', ''),
(7, '2015-12-21 17:27:59', 'adi', ''),
(8, '2015-12-21 19:03:59', 'adi', ''),
(9, '2016-01-16 14:14:38', 'adi', 'tes'),
(10, '2016-01-18 11:37:17', 'tes', 'adi'),
(11, '2016-01-18 11:39:01', 'tes', 'adi'),
(12, '2016-01-18 18:33:44', 'adi', 'tes'),
(13, '2016-01-18 18:38:45', 'adi', 'asd'),
(14, '2016-01-19 07:47:33', 'tes', 'adi'),
(15, '2016-01-19 07:52:57', '', 'adi'),
(16, '2016-01-19 07:55:07', 'adi', ''),
(17, '2016-01-19 07:57:05', 'adi', '');

-- --------------------------------------------------------

--
-- Table structure for table `invent_checking_detail`
--

CREATE TABLE IF NOT EXISTS `invent_checking_detail` (
  `checking_id` int(11) NOT NULL,
  `sub_stuff_id` int(11) NOT NULL,
  `found_time` datetime DEFAULT NULL,
  `found_note` text
) ENGINE=InnoDB DEFAULT CHARSET=latin1;

--
-- Dumping data for table `invent_checking_detail`
--

INSERT INTO `invent_checking_detail` (`checking_id`, `sub_stuff_id`, `found_time`, `found_note`) VALUES
(8, 314, NULL, NULL),
(11, 1094, NULL, NULL);

-- --------------------------------------------------------

--
-- Table structure for table `invent_found`
--

CREATE TABLE IF NOT EXISTS `invent_found` (
  `found_id` int(11) NOT NULL AUTO_INCREMENT,
  `broken_id` int(11) NOT NULL,
  `found_date` date NOT NULL,
  `found_note` text NOT NULL,
  PRIMARY KEY (`found_id`)
) ENGINE=InnoDB  DEFAULT CHARSET=latin1 AUTO_INCREMENT=7 ;

--
-- Dumping data for table `invent_found`
--

INSERT INTO `invent_found` (`found_id`, `broken_id`, `found_date`, `found_note`) VALUES
(2, 32, '2016-09-19', 'oke2'),
(3, 32, '2016-09-19', 'jbv'),
(4, 32, '2016-09-19', 'jbv'),
(5, 32, '2016-09-19', ''),
(6, 32, '2016-09-19', 'hgg');

-- --------------------------------------------------------

--
-- Table structure for table `invent_maintenance`
--

CREATE TABLE IF NOT EXISTS `invent_maintenance` (
  `maintenance_id` int(11) NOT NULL AUTO_INCREMENT,
  `maintenance_date` date NOT NULL,
  `maintenance_activity` text NOT NULL,
  `maintenance_result` text NOT NULL,
  PRIMARY KEY (`maintenance_id`)
) ENGINE=InnoDB  DEFAULT CHARSET=latin1 AUTO_INCREMENT=11 ;

--
-- Dumping data for table `invent_maintenance`
--

INSERT INTO `invent_maintenance` (`maintenance_id`, `maintenance_date`, `maintenance_activity`, `maintenance_result`) VALUES
(1, '2015-12-05', '1. Update Antivirus <br>\n2. Penggantian Konektor RJ-45 yang longgar', '1. Update Antivirus komputer LAB A dan LAB B selesai seluruhnya. <br>\n2. Seluruh RJ-45 pada jaringan backbone dan switch tiap lab diganti dengan yang baru. '),
(2, '2015-12-12', '1. Update Antivirus <br>\n2. Pengecekan komputer bermasalah dan bervirus <br>\n3. Scan virus', '1. Update Antivirus komputer LAB A selesai <br>\n2. Komputer bermasalah berhasil ditangani <br>\n3. Scan virus beberapa komputer yang terlihat bermasalah selesai'),
(6, '2016-01-12', '1. Membersihkan casing komputer lab A 6.01', '1. Membersihkan Casing komputer lab A 6.01 bersih seluruhnya kecuali komputer meja dosen\n'),
(7, '2016-01-11', '1. Input data komputer LAB B 6.03 <br>\n2. Membersihkan casing komputer LAB A 6.02 ', '1. Data komputer LAB B 6.03 berhasil diinput seluruhnya<br>\n2. Membersihkan Casing komputer LAB A 6.02 bersih seluruhnya kecuali komputer meja Dosen'),
(8, '2016-01-04', '1. Input data inventaris Lab A 6.01', '1. Data inventaris Lab A 6.01 berhasil diinput seluruhnya'),
(9, '2016-01-05', '1. Input Data Lab A 6.02 <br>\n2. Membersihkan casing komputer lab B 6.04 seluruhnya', '1. Data Lab A 6.02 selesai diinput seluruhnya <br>\n2. Membersihkan Casing komputer lab B 6.04 selesai dibersihkan seluruhnya kecuali komputer dosen'),
(10, '2016-01-06', '1. Input Data Lab B 6.04 <br>\n2. Membersihkan casing komputer lab B 6.03 seluruhnya', '1. Data Lab B 6.04 selesai diinput seluruhnya <br>\n2. Membersihkan Casing komputer lab B 6.03 selesai dibersihkan seluruhnya kecuali komputer dosen');

-- --------------------------------------------------------

--
-- Table structure for table `invent_maintenance_detail`
--

CREATE TABLE IF NOT EXISTS `invent_maintenance_detail` (
  `maintenance_id` int(11) NOT NULL,
  `sub_stuff_id` int(11) NOT NULL,
  `maintenance_detail_treatment1` tinyint(1) DEFAULT NULL,
  `maintenance_detail_treatment2` tinyint(1) DEFAULT NULL,
  `maintenance_detail_treatment3` tinyint(1) DEFAULT NULL,
  `maintenance_detail_treatment4` tinyint(1) DEFAULT NULL,
  `maintenance_detail_treatment5` tinyint(1) DEFAULT NULL
) ENGINE=InnoDB DEFAULT CHARSET=latin1;

--
-- Dumping data for table `invent_maintenance_detail`
--

INSERT INTO `invent_maintenance_detail` (`maintenance_id`, `sub_stuff_id`, `maintenance_detail_treatment1`, `maintenance_detail_treatment2`, `maintenance_detail_treatment3`, `maintenance_detail_treatment4`, `maintenance_detail_treatment5`) VALUES
(2, 168, NULL, 1, NULL, 1, NULL),
(2, 176, NULL, 1, NULL, 1, NULL),
(2, 184, NULL, 1, NULL, 1, NULL),
(2, 191, NULL, 1, NULL, 1, NULL),
(2, 167, NULL, 1, NULL, 1, NULL),
(2, 175, NULL, 1, NULL, 1, NULL),
(2, 183, NULL, 1, NULL, 1, NULL),
(2, 190, NULL, 1, NULL, 1, NULL),
(2, 166, NULL, 1, NULL, 1, NULL),
(2, 174, NULL, 1, NULL, 1, NULL),
(2, 182, NULL, 1, NULL, 1, NULL),
(2, 189, NULL, 1, NULL, 1, NULL),
(2, 173, NULL, 1, NULL, 1, NULL),
(2, 181, NULL, 1, NULL, 1, NULL),
(2, 172, NULL, 1, NULL, 1, NULL),
(2, 180, NULL, 1, NULL, 1, NULL),
(2, 188, NULL, 1, NULL, 1, NULL),
(2, 171, NULL, 1, NULL, 1, NULL),
(2, 179, NULL, 1, NULL, 1, NULL),
(2, 187, NULL, 1, NULL, 1, NULL),
(2, 170, NULL, 1, NULL, 1, NULL),
(2, 178, NULL, 1, NULL, 1, NULL),
(2, 186, NULL, 1, NULL, 1, NULL),
(2, 169, NULL, 1, NULL, 1, NULL),
(2, 177, NULL, 1, NULL, 1, NULL),
(2, 185, NULL, 1, NULL, 1, NULL),
(2, 141, NULL, 1, NULL, 1, NULL),
(2, 142, NULL, 1, NULL, 1, NULL),
(2, 143, NULL, 1, NULL, 1, NULL),
(2, 144, NULL, 1, NULL, 1, NULL),
(2, 145, NULL, 1, NULL, 1, NULL),
(2, 146, NULL, 1, NULL, 1, NULL),
(2, 147, NULL, 1, NULL, 1, NULL),
(2, 148, NULL, 1, NULL, 1, NULL),
(2, 149, NULL, 1, NULL, 1, NULL),
(2, 150, NULL, 1, NULL, 1, NULL),
(2, 151, NULL, 1, NULL, 1, NULL),
(2, 152, NULL, 1, NULL, 1, NULL),
(2, 153, NULL, 1, NULL, 1, NULL),
(2, 154, NULL, 1, NULL, 1, NULL),
(2, 155, NULL, 1, NULL, 1, NULL),
(2, 156, NULL, 1, NULL, 1, NULL),
(2, 157, NULL, 1, NULL, 1, NULL),
(2, 158, NULL, 1, NULL, 1, NULL),
(2, 159, NULL, 1, NULL, 1, NULL),
(2, 160, NULL, 1, NULL, 1, NULL),
(2, 161, NULL, 1, NULL, 1, NULL),
(2, 162, NULL, 1, NULL, 1, NULL),
(2, 163, NULL, 1, NULL, 1, NULL),
(2, 164, NULL, 1, NULL, 1, NULL),
(2, 165, NULL, 1, NULL, 1, NULL),
(3, 180, NULL, NULL, NULL, NULL, NULL),
(3, 188, NULL, NULL, NULL, NULL, NULL),
(3, 172, NULL, NULL, NULL, NULL, NULL),
(3, 179, NULL, NULL, NULL, NULL, NULL),
(3, 187, NULL, NULL, NULL, NULL, NULL),
(3, 171, NULL, NULL, NULL, NULL, NULL),
(3, 186, NULL, NULL, NULL, NULL, NULL),
(3, 170, NULL, NULL, NULL, NULL, NULL),
(3, 178, NULL, NULL, NULL, NULL, NULL),
(3, 185, NULL, NULL, NULL, NULL, NULL),
(3, 169, NULL, NULL, NULL, NULL, NULL),
(3, 177, NULL, NULL, NULL, NULL, NULL),
(3, 184, NULL, NULL, NULL, NULL, NULL),
(3, 168, NULL, NULL, NULL, NULL, NULL),
(3, 176, NULL, NULL, NULL, NULL, NULL),
(3, 183, NULL, NULL, NULL, NULL, NULL),
(3, 191, NULL, NULL, NULL, NULL, NULL),
(3, 167, NULL, NULL, NULL, NULL, NULL),
(3, 175, NULL, NULL, NULL, NULL, NULL),
(3, 182, NULL, NULL, NULL, NULL, NULL),
(3, 190, NULL, NULL, NULL, NULL, NULL),
(3, 166, NULL, NULL, NULL, NULL, NULL),
(3, 174, NULL, NULL, NULL, NULL, NULL),
(3, 181, NULL, NULL, NULL, NULL, NULL),
(3, 189, NULL, NULL, NULL, NULL, NULL),
(3, 173, NULL, NULL, NULL, NULL, NULL),
(3, 141, NULL, NULL, NULL, NULL, NULL),
(3, 142, NULL, NULL, NULL, NULL, NULL),
(3, 143, NULL, NULL, NULL, NULL, NULL),
(3, 144, NULL, NULL, NULL, NULL, NULL),
(3, 145, NULL, NULL, NULL, NULL, NULL),
(3, 146, NULL, NULL, NULL, NULL, NULL),
(3, 147, NULL, NULL, NULL, NULL, NULL),
(3, 148, NULL, NULL, NULL, NULL, NULL),
(3, 149, NULL, NULL, NULL, NULL, NULL),
(3, 150, NULL, NULL, NULL, NULL, NULL),
(3, 151, NULL, NULL, NULL, NULL, NULL),
(3, 152, NULL, NULL, NULL, NULL, NULL),
(3, 153, NULL, NULL, NULL, NULL, NULL),
(3, 154, NULL, NULL, NULL, NULL, NULL),
(3, 155, NULL, NULL, NULL, NULL, NULL),
(3, 156, NULL, NULL, NULL, NULL, NULL),
(3, 157, NULL, NULL, NULL, NULL, NULL),
(3, 158, NULL, NULL, NULL, NULL, NULL),
(3, 159, NULL, NULL, NULL, NULL, NULL),
(3, 160, NULL, NULL, NULL, NULL, NULL),
(3, 161, NULL, NULL, NULL, NULL, NULL),
(3, 162, NULL, NULL, NULL, NULL, NULL),
(3, 163, NULL, NULL, NULL, NULL, NULL),
(3, 164, NULL, NULL, NULL, NULL, NULL),
(3, 165, NULL, NULL, NULL, NULL, NULL),
(3, 315, NULL, NULL, NULL, NULL, NULL),
(3, 290, NULL, NULL, NULL, NULL, NULL),
(3, 323, NULL, NULL, NULL, NULL, NULL),
(3, 298, NULL, NULL, NULL, NULL, NULL),
(3, 306, NULL, NULL, NULL, NULL, NULL),
(3, 282, NULL, NULL, NULL, NULL, NULL),
(3, 313, NULL, NULL, NULL, NULL, NULL),
(3, 289, NULL, NULL, NULL, NULL, NULL),
(3, 322, NULL, NULL, NULL, NULL, NULL),
(3, 297, NULL, NULL, NULL, NULL, NULL),
(3, 305, NULL, NULL, NULL, NULL, NULL),
(3, 281, NULL, NULL, NULL, NULL, NULL),
(3, 288, NULL, NULL, NULL, NULL, NULL),
(3, 321, NULL, NULL, NULL, NULL, NULL),
(3, 296, NULL, NULL, NULL, NULL, NULL),
(3, 304, NULL, NULL, NULL, NULL, NULL),
(3, 280, NULL, NULL, NULL, NULL, NULL),
(3, 312, NULL, NULL, NULL, NULL, NULL),
(3, 287, NULL, NULL, NULL, NULL, NULL),
(3, 320, NULL, NULL, NULL, NULL, NULL),
(3, 295, NULL, NULL, NULL, NULL, NULL),
(3, 303, NULL, NULL, NULL, NULL, NULL),
(3, 279, NULL, NULL, NULL, NULL, NULL),
(3, 311, NULL, NULL, NULL, NULL, NULL),
(3, 319, NULL, NULL, NULL, NULL, NULL),
(3, 294, NULL, NULL, NULL, NULL, NULL),
(3, 302, NULL, NULL, NULL, NULL, NULL),
(3, 278, NULL, NULL, NULL, NULL, NULL),
(3, 310, NULL, NULL, NULL, NULL, NULL),
(3, 286, NULL, NULL, NULL, NULL, NULL),
(3, 318, NULL, NULL, NULL, NULL, NULL),
(3, 293, NULL, NULL, NULL, NULL, NULL),
(3, 301, NULL, NULL, NULL, NULL, NULL),
(3, 277, NULL, NULL, NULL, NULL, NULL),
(3, 309, NULL, NULL, NULL, NULL, NULL),
(3, 285, NULL, NULL, NULL, NULL, NULL),
(3, 317, NULL, NULL, NULL, NULL, NULL),
(3, 292, NULL, NULL, NULL, NULL, NULL),
(3, 300, NULL, NULL, NULL, NULL, NULL),
(3, 276, NULL, NULL, NULL, NULL, NULL),
(3, 308, NULL, NULL, NULL, NULL, NULL),
(3, 284, NULL, NULL, NULL, NULL, NULL),
(3, 316, NULL, NULL, NULL, NULL, NULL),
(3, 291, NULL, NULL, NULL, NULL, NULL),
(3, 324, NULL, NULL, NULL, NULL, NULL),
(3, 299, NULL, NULL, NULL, NULL, NULL),
(3, 275, NULL, NULL, NULL, NULL, NULL),
(3, 307, NULL, NULL, NULL, NULL, NULL),
(3, 283, NULL, NULL, NULL, NULL, NULL),
(3, 342, NULL, NULL, NULL, NULL, NULL),
(3, 334, NULL, NULL, NULL, NULL, NULL),
(3, 341, NULL, NULL, NULL, NULL, NULL),
(3, 349, NULL, NULL, NULL, NULL, NULL),
(3, 333, NULL, NULL, NULL, NULL, NULL),
(3, 340, NULL, NULL, NULL, NULL, NULL),
(3, 348, NULL, NULL, NULL, NULL, NULL),
(3, 332, NULL, NULL, NULL, NULL, NULL),
(3, 339, NULL, NULL, NULL, NULL, NULL),
(3, 347, NULL, NULL, NULL, NULL, NULL),
(3, 331, NULL, NULL, NULL, NULL, NULL),
(3, 346, NULL, NULL, NULL, NULL, NULL),
(3, 330, NULL, NULL, NULL, NULL, NULL),
(3, 338, NULL, NULL, NULL, NULL, NULL),
(3, 345, NULL, NULL, NULL, NULL, NULL),
(3, 329, NULL, NULL, NULL, NULL, NULL),
(3, 337, NULL, NULL, NULL, NULL, NULL),
(3, 344, NULL, NULL, NULL, NULL, NULL),
(3, 328, NULL, NULL, NULL, NULL, NULL),
(3, 336, NULL, NULL, NULL, NULL, NULL),
(3, 343, NULL, NULL, NULL, NULL, NULL),
(3, 327, NULL, NULL, NULL, NULL, NULL),
(3, 335, NULL, NULL, NULL, NULL, NULL),
(3, 357, NULL, NULL, NULL, NULL, NULL),
(3, 356, NULL, NULL, NULL, NULL, NULL),
(3, 355, NULL, NULL, NULL, NULL, NULL),
(3, 354, NULL, NULL, NULL, NULL, NULL),
(3, 353, NULL, NULL, NULL, NULL, NULL),
(3, 352, NULL, NULL, NULL, NULL, NULL),
(3, 351, NULL, NULL, NULL, NULL, NULL),
(3, 350, NULL, NULL, NULL, NULL, NULL),
(4, 188, 1, 1, NULL, NULL, NULL),
(4, 172, 1, 1, NULL, NULL, NULL),
(4, 180, 1, 1, NULL, NULL, NULL),
(4, 187, 1, 1, NULL, NULL, NULL),
(4, 171, 1, 1, NULL, NULL, NULL),
(4, 179, 1, 1, NULL, NULL, NULL),
(4, 186, 1, 1, NULL, NULL, NULL),
(4, 170, 1, 1, NULL, NULL, NULL),
(4, 178, 1, 1, NULL, NULL, NULL),
(4, 185, 1, 1, NULL, NULL, NULL),
(4, 169, 1, 1, NULL, NULL, NULL),
(4, 177, 1, 1, NULL, NULL, NULL),
(4, 184, 1, 1, NULL, NULL, NULL),
(4, 168, 1, 1, NULL, NULL, NULL),
(4, 176, 1, 1, NULL, NULL, NULL),
(4, 183, 1, 1, NULL, NULL, NULL),
(4, 191, 1, 1, NULL, NULL, NULL),
(4, 167, 1, 1, NULL, NULL, NULL),
(4, 175, 1, 1, NULL, NULL, NULL),
(4, 190, 1, 1, NULL, NULL, NULL),
(4, 166, 1, 1, NULL, NULL, NULL),
(4, 174, 1, 1, NULL, NULL, NULL),
(4, 182, 1, 1, NULL, NULL, NULL),
(4, 189, 1, 1, NULL, NULL, NULL),
(4, 173, 1, 1, NULL, NULL, NULL),
(4, 181, 1, 1, NULL, NULL, NULL),
(4, 141, 1, 1, NULL, NULL, NULL),
(4, 142, 1, 1, NULL, NULL, NULL),
(4, 143, 1, 1, NULL, NULL, NULL),
(4, 144, 1, 1, NULL, NULL, NULL),
(4, 145, 1, 1, NULL, NULL, NULL),
(4, 146, 1, 1, NULL, NULL, NULL),
(4, 147, 1, 1, NULL, NULL, NULL),
(4, 148, 1, 1, NULL, NULL, NULL),
(4, 149, 1, 1, NULL, NULL, NULL),
(4, 150, 1, 1, NULL, NULL, NULL),
(4, 151, 1, 1, NULL, NULL, NULL),
(4, 152, 1, 1, NULL, NULL, NULL),
(4, 153, 1, 1, NULL, NULL, NULL),
(4, 154, 1, 1, NULL, NULL, NULL),
(4, 155, 1, 1, NULL, NULL, NULL),
(4, 156, 1, 1, NULL, NULL, NULL),
(4, 157, 1, 1, NULL, NULL, NULL),
(4, 158, 1, 1, NULL, NULL, NULL),
(4, 159, 1, 1, NULL, NULL, NULL),
(4, 160, 1, 1, NULL, NULL, NULL),
(4, 161, 1, 1, NULL, NULL, NULL),
(4, 162, 1, 1, NULL, NULL, NULL),
(4, 163, 1, 1, NULL, NULL, NULL),
(4, 164, 1, 1, NULL, NULL, NULL),
(4, 165, 1, 1, NULL, NULL, NULL),
(4, 323, 1, 1, NULL, NULL, NULL),
(4, 298, 1, 1, NULL, NULL, NULL),
(4, 306, 1, 1, NULL, NULL, NULL),
(4, 282, 1, 1, NULL, NULL, NULL),
(4, 315, 1, 1, NULL, NULL, NULL),
(4, 290, 1, 1, NULL, NULL, NULL),
(4, 322, 1, 1, NULL, NULL, NULL),
(4, 297, 1, 1, NULL, NULL, NULL),
(4, 305, 1, 1, NULL, NULL, NULL),
(4, 281, 1, 1, NULL, NULL, NULL),
(4, 313, 1, 1, NULL, NULL, NULL),
(4, 289, 1, 1, NULL, NULL, NULL),
(4, 321, 1, 1, NULL, NULL, NULL),
(4, 296, 1, 1, NULL, NULL, NULL),
(4, 304, 1, 1, NULL, NULL, NULL),
(4, 280, 1, 1, NULL, NULL, NULL),
(4, 312, 1, 1, NULL, NULL, NULL),
(4, 288, 1, 1, NULL, NULL, NULL),
(4, 320, 1, 1, NULL, NULL, NULL),
(4, 295, 1, 1, NULL, NULL, NULL),
(4, 303, 1, 1, NULL, NULL, NULL),
(4, 279, 1, 1, NULL, NULL, NULL),
(4, 311, 1, 1, NULL, NULL, NULL),
(4, 287, 1, 1, NULL, NULL, NULL),
(4, 319, 1, 1, NULL, NULL, NULL),
(4, 294, 1, 1, NULL, NULL, NULL),
(4, 302, 1, 1, NULL, NULL, NULL),
(4, 278, 1, 1, NULL, NULL, NULL),
(4, 310, 1, 1, NULL, NULL, NULL),
(4, 286, 1, 1, NULL, NULL, NULL),
(4, 318, 1, 1, NULL, NULL, NULL),
(4, 293, 1, 1, NULL, NULL, NULL),
(4, 301, 1, 1, NULL, NULL, NULL),
(4, 277, 1, 1, NULL, NULL, NULL),
(4, 309, 1, 1, NULL, NULL, NULL),
(4, 285, 1, 1, NULL, NULL, NULL),
(4, 292, 1, 1, NULL, NULL, NULL),
(4, 300, 1, 1, NULL, NULL, NULL),
(4, 276, 1, 1, NULL, NULL, NULL),
(4, 308, 1, 1, NULL, NULL, NULL),
(4, 284, 1, 1, NULL, NULL, NULL),
(4, 317, 1, 1, NULL, NULL, NULL),
(4, 291, 1, 1, NULL, NULL, NULL),
(4, 324, 1, 1, NULL, NULL, NULL),
(4, 299, 1, 1, NULL, NULL, NULL),
(4, 275, 1, 1, NULL, NULL, NULL),
(4, 307, 1, 1, NULL, NULL, NULL),
(4, 283, 1, 1, NULL, NULL, NULL),
(4, 316, 1, 1, NULL, NULL, NULL),
(4, 334, 1, 1, NULL, NULL, NULL),
(4, 342, 1, 1, NULL, NULL, NULL),
(4, 349, 1, 1, NULL, NULL, NULL),
(4, 333, 1, 1, NULL, NULL, NULL),
(4, 341, 1, 1, NULL, NULL, NULL),
(4, 348, 1, 1, NULL, NULL, NULL),
(4, 332, 1, 1, NULL, NULL, NULL),
(4, 340, 1, 1, NULL, NULL, NULL),
(4, 347, 1, 1, NULL, NULL, NULL),
(4, 331, 1, 1, NULL, NULL, NULL),
(4, 339, 1, 1, NULL, NULL, NULL),
(4, 346, 1, 1, NULL, NULL, NULL),
(4, 330, 1, 1, NULL, NULL, NULL),
(4, 338, 1, 1, NULL, NULL, NULL),
(4, 345, 1, 1, NULL, NULL, NULL),
(4, 329, 1, 1, NULL, NULL, NULL),
(4, 337, 1, 1, NULL, NULL, NULL),
(4, 344, 1, 1, NULL, NULL, NULL),
(4, 328, 1, 1, NULL, NULL, NULL),
(4, 336, 1, 1, NULL, NULL, NULL),
(4, 343, 1, 1, NULL, NULL, NULL),
(4, 327, 1, 1, NULL, NULL, NULL),
(4, 335, 1, 1, NULL, NULL, NULL),
(4, 357, 1, NULL, NULL, NULL, NULL),
(4, 356, 1, NULL, NULL, NULL, NULL),
(4, 355, 1, NULL, NULL, NULL, NULL),
(4, 354, 1, NULL, NULL, NULL, NULL),
(4, 353, 1, NULL, NULL, NULL, NULL),
(4, 352, 1, NULL, NULL, NULL, NULL),
(4, 351, 1, NULL, NULL, NULL, NULL),
(4, 350, 1, NULL, NULL, NULL, NULL),
(6, 416, NULL, NULL, NULL, NULL, 1),
(6, 417, NULL, NULL, NULL, NULL, 1),
(6, 418, NULL, NULL, NULL, NULL, 1),
(6, 419, NULL, NULL, NULL, NULL, 1),
(6, 420, NULL, NULL, NULL, NULL, 1),
(6, 421, NULL, NULL, NULL, NULL, 1),
(6, 422, NULL, NULL, NULL, NULL, 1),
(6, 423, NULL, NULL, NULL, NULL, 1),
(6, 424, NULL, NULL, NULL, NULL, 1),
(6, 425, NULL, NULL, NULL, NULL, 1),
(6, 426, NULL, NULL, NULL, NULL, 1),
(6, 427, NULL, NULL, NULL, NULL, 1),
(6, 428, NULL, NULL, NULL, NULL, 1),
(6, 429, NULL, NULL, NULL, NULL, 1),
(6, 430, NULL, NULL, NULL, NULL, 1),
(6, 431, NULL, NULL, NULL, NULL, 1),
(6, 432, NULL, NULL, NULL, NULL, 1),
(6, 433, NULL, NULL, NULL, NULL, 1),
(6, 434, NULL, NULL, NULL, NULL, 1),
(6, 435, NULL, NULL, NULL, NULL, 1),
(6, 436, NULL, NULL, NULL, NULL, 1),
(6, 437, NULL, NULL, NULL, NULL, 1),
(6, 438, NULL, NULL, NULL, NULL, 1),
(6, 439, NULL, NULL, NULL, NULL, 1),
(6, 440, NULL, NULL, NULL, NULL, 1),
(6, 365, NULL, NULL, NULL, NULL, NULL),
(6, 366, NULL, NULL, NULL, NULL, NULL),
(6, 367, NULL, NULL, NULL, NULL, NULL),
(6, 368, NULL, NULL, NULL, NULL, NULL),
(6, 369, NULL, NULL, NULL, NULL, NULL),
(6, 370, NULL, NULL, NULL, NULL, NULL),
(6, 371, NULL, NULL, NULL, NULL, NULL),
(6, 372, NULL, NULL, NULL, NULL, NULL),
(6, 373, NULL, NULL, NULL, NULL, NULL),
(6, 374, NULL, NULL, NULL, NULL, NULL),
(6, 375, NULL, NULL, NULL, NULL, NULL),
(6, 376, NULL, NULL, NULL, NULL, NULL),
(6, 377, NULL, NULL, NULL, NULL, NULL),
(6, 378, NULL, NULL, NULL, NULL, NULL),
(6, 379, NULL, NULL, NULL, NULL, NULL),
(6, 380, NULL, NULL, NULL, NULL, NULL),
(6, 381, NULL, NULL, NULL, NULL, NULL),
(6, 382, NULL, NULL, NULL, NULL, NULL),
(6, 383, NULL, NULL, NULL, NULL, NULL),
(6, 384, NULL, NULL, NULL, NULL, NULL),
(6, 385, NULL, NULL, NULL, NULL, NULL),
(6, 386, NULL, NULL, NULL, NULL, NULL),
(6, 387, NULL, NULL, NULL, NULL, NULL),
(6, 388, NULL, NULL, NULL, NULL, NULL),
(6, 389, NULL, NULL, NULL, NULL, NULL),
(6, 463, NULL, NULL, NULL, NULL, NULL),
(6, 464, NULL, NULL, NULL, NULL, NULL),
(6, 465, NULL, NULL, NULL, NULL, NULL),
(6, 466, NULL, NULL, NULL, NULL, NULL),
(6, 467, NULL, NULL, NULL, NULL, NULL),
(6, 468, NULL, NULL, NULL, NULL, NULL),
(6, 469, NULL, NULL, NULL, NULL, NULL),
(6, 470, NULL, NULL, NULL, NULL, NULL),
(6, 471, NULL, NULL, NULL, NULL, NULL),
(6, 472, NULL, NULL, NULL, NULL, NULL),
(6, 473, NULL, NULL, NULL, NULL, NULL),
(6, 474, NULL, NULL, NULL, NULL, NULL),
(6, 475, NULL, NULL, NULL, NULL, NULL),
(6, 476, NULL, NULL, NULL, NULL, NULL),
(6, 477, NULL, NULL, NULL, NULL, NULL),
(6, 478, NULL, NULL, NULL, NULL, NULL),
(6, 479, NULL, NULL, NULL, NULL, NULL),
(6, 480, NULL, NULL, NULL, NULL, NULL),
(6, 481, NULL, NULL, NULL, NULL, NULL),
(6, 482, NULL, NULL, NULL, NULL, NULL),
(6, 483, NULL, NULL, NULL, NULL, NULL),
(6, 484, NULL, NULL, NULL, NULL, NULL),
(6, 485, NULL, NULL, NULL, NULL, NULL),
(6, 486, NULL, NULL, NULL, NULL, NULL),
(6, 487, NULL, NULL, NULL, NULL, NULL),
(6, 489, NULL, NULL, NULL, NULL, NULL),
(6, 490, NULL, NULL, NULL, NULL, NULL),
(6, 491, NULL, NULL, NULL, NULL, NULL),
(6, 492, NULL, NULL, NULL, NULL, NULL),
(6, 493, NULL, NULL, NULL, NULL, NULL),
(6, 494, NULL, NULL, NULL, NULL, NULL),
(6, 495, NULL, NULL, NULL, NULL, NULL),
(6, 496, NULL, NULL, NULL, NULL, NULL),
(6, 497, NULL, NULL, NULL, NULL, NULL),
(6, 498, NULL, NULL, NULL, NULL, NULL),
(6, 499, NULL, NULL, NULL, NULL, NULL),
(6, 500, NULL, NULL, NULL, NULL, NULL),
(6, 501, NULL, NULL, NULL, NULL, NULL),
(6, 502, NULL, NULL, NULL, NULL, NULL),
(6, 503, NULL, NULL, NULL, NULL, NULL),
(6, 504, NULL, NULL, NULL, NULL, NULL),
(6, 505, NULL, NULL, NULL, NULL, NULL),
(6, 506, NULL, NULL, NULL, NULL, NULL),
(6, 507, NULL, NULL, NULL, NULL, NULL),
(6, 508, NULL, NULL, NULL, NULL, NULL),
(6, 509, NULL, NULL, NULL, NULL, NULL),
(6, 510, NULL, NULL, NULL, NULL, NULL),
(6, 511, NULL, NULL, NULL, NULL, NULL),
(6, 512, NULL, NULL, NULL, NULL, NULL),
(6, 513, NULL, NULL, NULL, NULL, NULL),
(6, 559, NULL, NULL, NULL, NULL, NULL),
(6, 560, NULL, NULL, NULL, NULL, NULL),
(6, 561, NULL, NULL, NULL, NULL, NULL),
(6, 562, NULL, NULL, NULL, NULL, NULL),
(6, 563, NULL, NULL, NULL, NULL, NULL),
(6, 564, NULL, NULL, NULL, NULL, NULL),
(6, 565, NULL, NULL, NULL, NULL, NULL),
(6, 566, NULL, NULL, NULL, NULL, NULL),
(6, 567, NULL, NULL, NULL, NULL, NULL),
(6, 568, NULL, NULL, NULL, NULL, NULL),
(6, 569, NULL, NULL, NULL, NULL, NULL),
(6, 570, NULL, NULL, NULL, NULL, NULL),
(6, 571, NULL, NULL, NULL, NULL, NULL),
(6, 572, NULL, NULL, NULL, NULL, NULL),
(6, 573, NULL, NULL, NULL, NULL, NULL),
(6, 574, NULL, NULL, NULL, NULL, NULL),
(6, 575, NULL, NULL, NULL, NULL, NULL),
(6, 576, NULL, NULL, NULL, NULL, NULL),
(6, 577, NULL, NULL, NULL, NULL, NULL),
(6, 578, NULL, NULL, NULL, NULL, NULL),
(6, 579, NULL, NULL, NULL, NULL, NULL),
(6, 580, NULL, NULL, NULL, NULL, NULL),
(6, 581, NULL, NULL, NULL, NULL, NULL),
(6, 582, NULL, NULL, NULL, NULL, NULL),
(6, 583, NULL, NULL, NULL, NULL, NULL),
(7, 416, NULL, NULL, NULL, NULL, NULL),
(7, 417, NULL, NULL, NULL, NULL, NULL),
(7, 418, NULL, NULL, NULL, NULL, NULL),
(7, 419, NULL, NULL, NULL, NULL, NULL),
(7, 420, NULL, NULL, NULL, NULL, NULL),
(7, 421, NULL, NULL, NULL, NULL, NULL),
(7, 422, NULL, NULL, NULL, NULL, NULL),
(7, 423, NULL, NULL, NULL, NULL, NULL),
(7, 424, NULL, NULL, NULL, NULL, NULL),
(7, 425, NULL, NULL, NULL, NULL, NULL),
(7, 426, NULL, NULL, NULL, NULL, NULL),
(7, 427, NULL, NULL, NULL, NULL, NULL),
(7, 428, NULL, NULL, NULL, NULL, NULL),
(7, 429, NULL, NULL, NULL, NULL, NULL),
(7, 430, NULL, NULL, NULL, NULL, NULL),
(7, 431, NULL, NULL, NULL, NULL, NULL),
(7, 432, NULL, NULL, NULL, NULL, NULL),
(7, 433, NULL, NULL, NULL, NULL, NULL),
(7, 434, NULL, NULL, NULL, NULL, NULL),
(7, 435, NULL, NULL, NULL, NULL, NULL),
(7, 436, NULL, NULL, NULL, NULL, NULL),
(7, 437, NULL, NULL, NULL, NULL, NULL),
(7, 438, NULL, NULL, NULL, NULL, NULL),
(7, 439, NULL, NULL, NULL, NULL, NULL),
(7, 440, NULL, NULL, NULL, NULL, NULL),
(7, 365, NULL, NULL, NULL, NULL, 1),
(7, 366, NULL, NULL, NULL, NULL, 1),
(7, 367, NULL, NULL, NULL, NULL, 1),
(7, 368, NULL, NULL, NULL, NULL, 1),
(7, 369, NULL, NULL, NULL, NULL, 1),
(7, 370, NULL, NULL, NULL, NULL, 1),
(7, 371, NULL, NULL, NULL, NULL, 1),
(7, 372, NULL, NULL, NULL, NULL, 1),
(7, 373, NULL, NULL, NULL, NULL, 1),
(7, 374, NULL, NULL, NULL, NULL, 1),
(7, 375, NULL, NULL, NULL, NULL, 1),
(7, 376, NULL, NULL, NULL, NULL, 1),
(7, 377, NULL, NULL, NULL, NULL, 1),
(7, 378, NULL, NULL, NULL, NULL, 1),
(7, 379, NULL, NULL, NULL, NULL, 1),
(7, 380, NULL, NULL, NULL, NULL, 1),
(7, 381, NULL, NULL, NULL, NULL, 1),
(7, 382, NULL, NULL, NULL, NULL, 1),
(7, 383, NULL, NULL, NULL, NULL, 1),
(7, 384, NULL, NULL, NULL, NULL, 1),
(7, 385, NULL, NULL, NULL, NULL, 1),
(7, 386, NULL, NULL, NULL, NULL, 1),
(7, 387, NULL, NULL, NULL, NULL, 1),
(7, 388, NULL, NULL, NULL, NULL, 1),
(7, 389, NULL, NULL, NULL, NULL, 1),
(7, 463, NULL, NULL, NULL, NULL, NULL),
(7, 464, NULL, NULL, NULL, NULL, NULL),
(7, 465, NULL, NULL, NULL, NULL, NULL),
(7, 466, NULL, NULL, NULL, NULL, NULL),
(7, 467, NULL, NULL, NULL, NULL, NULL),
(7, 468, NULL, NULL, NULL, NULL, NULL),
(7, 469, NULL, NULL, NULL, NULL, NULL),
(7, 470, NULL, NULL, NULL, NULL, NULL),
(7, 471, NULL, NULL, NULL, NULL, NULL),
(7, 472, NULL, NULL, NULL, NULL, NULL),
(7, 473, NULL, NULL, NULL, NULL, NULL),
(7, 474, NULL, NULL, NULL, NULL, NULL),
(7, 475, NULL, NULL, NULL, NULL, NULL),
(7, 476, NULL, NULL, NULL, NULL, NULL),
(7, 477, NULL, NULL, NULL, NULL, NULL),
(7, 478, NULL, NULL, NULL, NULL, NULL),
(7, 479, NULL, NULL, NULL, NULL, NULL),
(7, 480, NULL, NULL, NULL, NULL, NULL),
(7, 481, NULL, NULL, NULL, NULL, NULL),
(7, 482, NULL, NULL, NULL, NULL, NULL),
(7, 483, NULL, NULL, NULL, NULL, NULL),
(7, 484, NULL, NULL, NULL, NULL, NULL),
(7, 485, NULL, NULL, NULL, NULL, NULL),
(7, 486, NULL, NULL, NULL, NULL, NULL),
(7, 487, NULL, NULL, NULL, NULL, NULL),
(7, 489, NULL, NULL, NULL, NULL, NULL),
(7, 490, NULL, NULL, NULL, NULL, NULL),
(7, 491, NULL, NULL, NULL, NULL, NULL),
(7, 492, NULL, NULL, NULL, NULL, NULL),
(7, 493, NULL, NULL, NULL, NULL, NULL),
(7, 494, NULL, NULL, NULL, NULL, NULL),
(7, 495, NULL, NULL, NULL, NULL, NULL),
(7, 496, NULL, NULL, NULL, NULL, NULL),
(7, 497, NULL, NULL, NULL, NULL, NULL),
(7, 498, NULL, NULL, NULL, NULL, NULL),
(7, 499, NULL, NULL, NULL, NULL, NULL),
(7, 500, NULL, NULL, NULL, NULL, NULL),
(7, 501, NULL, NULL, NULL, NULL, NULL),
(7, 502, NULL, NULL, NULL, NULL, NULL),
(7, 503, NULL, NULL, NULL, NULL, NULL),
(7, 504, NULL, NULL, NULL, NULL, NULL),
(7, 505, NULL, NULL, NULL, NULL, NULL),
(7, 506, NULL, NULL, NULL, NULL, NULL),
(7, 507, NULL, NULL, NULL, NULL, NULL),
(7, 508, NULL, NULL, NULL, NULL, NULL),
(7, 509, NULL, NULL, NULL, NULL, NULL),
(7, 510, NULL, NULL, NULL, NULL, NULL),
(7, 511, NULL, NULL, NULL, NULL, NULL),
(7, 512, NULL, NULL, NULL, NULL, NULL),
(7, 513, NULL, NULL, NULL, NULL, NULL),
(7, 559, NULL, NULL, NULL, NULL, NULL),
(7, 560, NULL, NULL, NULL, NULL, NULL),
(7, 561, NULL, NULL, NULL, NULL, NULL),
(7, 562, NULL, NULL, NULL, NULL, NULL),
(7, 563, NULL, NULL, NULL, NULL, NULL),
(7, 564, NULL, NULL, NULL, NULL, NULL),
(7, 565, NULL, NULL, NULL, NULL, NULL),
(7, 566, NULL, NULL, NULL, NULL, NULL),
(7, 567, NULL, NULL, NULL, NULL, NULL),
(7, 568, NULL, NULL, NULL, NULL, NULL),
(7, 569, NULL, NULL, NULL, NULL, NULL),
(7, 570, NULL, NULL, NULL, NULL, NULL),
(7, 571, NULL, NULL, NULL, NULL, NULL),
(7, 572, NULL, NULL, NULL, NULL, NULL),
(7, 573, NULL, NULL, NULL, NULL, NULL),
(7, 574, NULL, NULL, NULL, NULL, NULL),
(7, 575, NULL, NULL, NULL, NULL, NULL),
(7, 576, NULL, NULL, NULL, NULL, NULL),
(7, 577, NULL, NULL, NULL, NULL, NULL),
(7, 578, NULL, NULL, NULL, NULL, NULL),
(7, 579, NULL, NULL, NULL, NULL, NULL),
(7, 580, NULL, NULL, NULL, NULL, NULL),
(7, 581, NULL, NULL, NULL, NULL, NULL),
(7, 582, NULL, NULL, NULL, NULL, NULL),
(7, 583, NULL, NULL, NULL, NULL, NULL),
(8, 416, NULL, NULL, NULL, NULL, NULL),
(8, 417, NULL, NULL, NULL, NULL, NULL),
(8, 418, NULL, NULL, NULL, NULL, NULL),
(8, 419, NULL, NULL, NULL, NULL, NULL),
(8, 420, NULL, NULL, NULL, NULL, NULL),
(8, 421, NULL, NULL, NULL, NULL, NULL),
(8, 422, NULL, NULL, NULL, NULL, NULL),
(8, 423, NULL, NULL, NULL, NULL, NULL),
(8, 424, NULL, NULL, NULL, NULL, NULL),
(8, 425, NULL, NULL, NULL, NULL, NULL),
(8, 426, NULL, NULL, NULL, NULL, NULL),
(8, 427, NULL, NULL, NULL, NULL, NULL),
(8, 428, NULL, NULL, NULL, NULL, NULL),
(8, 429, NULL, NULL, NULL, NULL, NULL),
(8, 430, NULL, NULL, NULL, NULL, NULL),
(8, 431, NULL, NULL, NULL, NULL, NULL),
(8, 432, NULL, NULL, NULL, NULL, NULL),
(8, 433, NULL, NULL, NULL, NULL, NULL),
(8, 434, NULL, NULL, NULL, NULL, NULL),
(8, 435, NULL, NULL, NULL, NULL, NULL),
(8, 436, NULL, NULL, NULL, NULL, NULL),
(8, 437, NULL, NULL, NULL, NULL, NULL),
(8, 438, NULL, NULL, NULL, NULL, NULL),
(8, 439, NULL, NULL, NULL, NULL, NULL),
(8, 440, NULL, NULL, NULL, NULL, NULL),
(8, 365, NULL, NULL, NULL, NULL, NULL),
(8, 366, NULL, NULL, NULL, NULL, NULL),
(8, 367, NULL, NULL, NULL, NULL, NULL),
(8, 368, NULL, NULL, NULL, NULL, NULL),
(8, 369, NULL, NULL, NULL, NULL, NULL),
(8, 370, NULL, NULL, NULL, NULL, NULL),
(8, 371, NULL, NULL, NULL, NULL, NULL),
(8, 372, NULL, NULL, NULL, NULL, NULL),
(8, 373, NULL, NULL, NULL, NULL, NULL),
(8, 374, NULL, NULL, NULL, NULL, NULL),
(8, 375, NULL, NULL, NULL, NULL, NULL),
(8, 376, NULL, NULL, NULL, NULL, NULL),
(8, 377, NULL, NULL, NULL, NULL, NULL),
(8, 378, NULL, NULL, NULL, NULL, NULL),
(8, 379, NULL, NULL, NULL, NULL, NULL),
(8, 380, NULL, NULL, NULL, NULL, NULL),
(8, 381, NULL, NULL, NULL, NULL, NULL),
(8, 382, NULL, NULL, NULL, NULL, NULL),
(8, 383, NULL, NULL, NULL, NULL, NULL),
(8, 384, NULL, NULL, NULL, NULL, NULL),
(8, 385, NULL, NULL, NULL, NULL, NULL),
(8, 386, NULL, NULL, NULL, NULL, NULL),
(8, 387, NULL, NULL, NULL, NULL, NULL),
(8, 388, NULL, NULL, NULL, NULL, NULL),
(8, 389, NULL, NULL, NULL, NULL, NULL),
(8, 463, NULL, NULL, NULL, NULL, NULL),
(8, 464, NULL, NULL, NULL, NULL, NULL),
(8, 465, NULL, NULL, NULL, NULL, NULL),
(8, 466, NULL, NULL, NULL, NULL, NULL),
(8, 467, NULL, NULL, NULL, NULL, NULL),
(8, 468, NULL, NULL, NULL, NULL, NULL),
(8, 469, NULL, NULL, NULL, NULL, NULL),
(8, 470, NULL, NULL, NULL, NULL, NULL),
(8, 471, NULL, NULL, NULL, NULL, NULL),
(8, 472, NULL, NULL, NULL, NULL, NULL),
(8, 473, NULL, NULL, NULL, NULL, NULL),
(8, 474, NULL, NULL, NULL, NULL, NULL),
(8, 475, NULL, NULL, NULL, NULL, NULL),
(8, 476, NULL, NULL, NULL, NULL, NULL),
(8, 477, NULL, NULL, NULL, NULL, NULL),
(8, 478, NULL, NULL, NULL, NULL, NULL),
(8, 479, NULL, NULL, NULL, NULL, NULL),
(8, 480, NULL, NULL, NULL, NULL, NULL),
(8, 481, NULL, NULL, NULL, NULL, NULL),
(8, 482, NULL, NULL, NULL, NULL, NULL),
(8, 483, NULL, NULL, NULL, NULL, NULL),
(8, 484, NULL, NULL, NULL, NULL, NULL),
(8, 485, NULL, NULL, NULL, NULL, NULL),
(8, 486, NULL, NULL, NULL, NULL, NULL),
(8, 487, NULL, NULL, NULL, NULL, NULL),
(8, 489, NULL, NULL, NULL, NULL, NULL),
(8, 490, NULL, NULL, NULL, NULL, NULL),
(8, 491, NULL, NULL, NULL, NULL, NULL),
(8, 492, NULL, NULL, NULL, NULL, NULL),
(8, 493, NULL, NULL, NULL, NULL, NULL),
(8, 494, NULL, NULL, NULL, NULL, NULL),
(8, 495, NULL, NULL, NULL, NULL, NULL),
(8, 496, NULL, NULL, NULL, NULL, NULL),
(8, 497, NULL, NULL, NULL, NULL, NULL),
(8, 498, NULL, NULL, NULL, NULL, NULL),
(8, 499, NULL, NULL, NULL, NULL, NULL),
(8, 500, NULL, NULL, NULL, NULL, NULL),
(8, 501, NULL, NULL, NULL, NULL, NULL),
(8, 502, NULL, NULL, NULL, NULL, NULL),
(8, 503, NULL, NULL, NULL, NULL, NULL),
(8, 504, NULL, NULL, NULL, NULL, NULL),
(8, 505, NULL, NULL, NULL, NULL, NULL),
(8, 506, NULL, NULL, NULL, NULL, NULL),
(8, 507, NULL, NULL, NULL, NULL, NULL),
(8, 508, NULL, NULL, NULL, NULL, NULL),
(8, 509, NULL, NULL, NULL, NULL, NULL),
(8, 510, NULL, NULL, NULL, NULL, NULL),
(8, 511, NULL, NULL, NULL, NULL, NULL),
(8, 512, NULL, NULL, NULL, NULL, NULL),
(8, 513, NULL, NULL, NULL, NULL, NULL),
(8, 559, NULL, NULL, NULL, NULL, NULL),
(8, 560, NULL, NULL, NULL, NULL, NULL),
(8, 561, NULL, NULL, NULL, NULL, NULL),
(8, 562, NULL, NULL, NULL, NULL, NULL),
(8, 563, NULL, NULL, NULL, NULL, NULL),
(8, 564, NULL, NULL, NULL, NULL, NULL),
(8, 565, NULL, NULL, NULL, NULL, NULL),
(8, 566, NULL, NULL, NULL, NULL, NULL),
(8, 567, NULL, NULL, NULL, NULL, NULL),
(8, 568, NULL, NULL, NULL, NULL, NULL),
(8, 569, NULL, NULL, NULL, NULL, NULL),
(8, 570, NULL, NULL, NULL, NULL, NULL),
(8, 571, NULL, NULL, NULL, NULL, NULL),
(8, 572, NULL, NULL, NULL, NULL, NULL),
(8, 573, NULL, NULL, NULL, NULL, NULL),
(8, 574, NULL, NULL, NULL, NULL, NULL),
(8, 575, NULL, NULL, NULL, NULL, NULL),
(8, 576, NULL, NULL, NULL, NULL, NULL),
(8, 577, NULL, NULL, NULL, NULL, NULL),
(8, 578, NULL, NULL, NULL, NULL, NULL),
(8, 579, NULL, NULL, NULL, NULL, NULL),
(8, 580, NULL, NULL, NULL, NULL, NULL),
(8, 581, NULL, NULL, NULL, NULL, NULL),
(8, 582, NULL, NULL, NULL, NULL, NULL),
(8, 583, NULL, NULL, NULL, NULL, NULL),
(9, 416, NULL, NULL, NULL, NULL, NULL),
(9, 417, NULL, NULL, NULL, NULL, NULL),
(9, 418, NULL, NULL, NULL, NULL, NULL),
(9, 419, NULL, NULL, NULL, NULL, NULL),
(9, 420, NULL, NULL, NULL, NULL, NULL),
(9, 421, NULL, NULL, NULL, NULL, NULL),
(9, 422, NULL, NULL, NULL, NULL, NULL),
(9, 423, NULL, NULL, NULL, NULL, NULL),
(9, 424, NULL, NULL, NULL, NULL, NULL),
(9, 425, NULL, NULL, NULL, NULL, NULL),
(9, 426, NULL, NULL, NULL, NULL, NULL),
(9, 427, NULL, NULL, NULL, NULL, NULL),
(9, 428, NULL, NULL, NULL, NULL, NULL),
(9, 429, NULL, NULL, NULL, NULL, NULL),
(9, 430, NULL, NULL, NULL, NULL, NULL),
(9, 431, NULL, NULL, NULL, NULL, NULL),
(9, 432, NULL, NULL, NULL, NULL, NULL),
(9, 433, NULL, NULL, NULL, NULL, NULL),
(9, 434, NULL, NULL, NULL, NULL, NULL),
(9, 435, NULL, NULL, NULL, NULL, NULL),
(9, 436, NULL, NULL, NULL, NULL, NULL),
(9, 437, NULL, NULL, NULL, NULL, NULL),
(9, 438, NULL, NULL, NULL, NULL, NULL),
(9, 439, NULL, NULL, NULL, NULL, NULL),
(9, 440, NULL, NULL, NULL, NULL, NULL),
(9, 365, NULL, NULL, NULL, NULL, NULL),
(9, 366, NULL, NULL, NULL, NULL, NULL),
(9, 367, NULL, NULL, NULL, NULL, NULL),
(9, 368, NULL, NULL, NULL, NULL, NULL),
(9, 369, NULL, NULL, NULL, NULL, NULL),
(9, 370, NULL, NULL, NULL, NULL, NULL),
(9, 371, NULL, NULL, NULL, NULL, NULL),
(9, 372, NULL, NULL, NULL, NULL, NULL),
(9, 373, NULL, NULL, NULL, NULL, NULL),
(9, 374, NULL, NULL, NULL, NULL, NULL),
(9, 375, NULL, NULL, NULL, NULL, NULL),
(9, 376, NULL, NULL, NULL, NULL, NULL),
(9, 377, NULL, NULL, NULL, NULL, NULL),
(9, 378, NULL, NULL, NULL, NULL, NULL),
(9, 379, NULL, NULL, NULL, NULL, NULL),
(9, 380, NULL, NULL, NULL, NULL, NULL),
(9, 381, NULL, NULL, NULL, NULL, NULL),
(9, 382, NULL, NULL, NULL, NULL, NULL),
(9, 383, NULL, NULL, NULL, NULL, NULL),
(9, 384, NULL, NULL, NULL, NULL, NULL),
(9, 385, NULL, NULL, NULL, NULL, NULL),
(9, 386, NULL, NULL, NULL, NULL, NULL),
(9, 387, NULL, NULL, NULL, NULL, NULL),
(9, 388, NULL, NULL, NULL, NULL, NULL),
(9, 389, NULL, NULL, NULL, NULL, NULL),
(9, 463, NULL, NULL, NULL, NULL, NULL),
(9, 464, NULL, NULL, NULL, NULL, NULL),
(9, 465, NULL, NULL, NULL, NULL, NULL),
(9, 466, NULL, NULL, NULL, NULL, NULL),
(9, 467, NULL, NULL, NULL, NULL, NULL),
(9, 468, NULL, NULL, NULL, NULL, NULL),
(9, 469, NULL, NULL, NULL, NULL, NULL),
(9, 470, NULL, NULL, NULL, NULL, NULL),
(9, 471, NULL, NULL, NULL, NULL, NULL),
(9, 472, NULL, NULL, NULL, NULL, NULL),
(9, 473, NULL, NULL, NULL, NULL, NULL),
(9, 474, NULL, NULL, NULL, NULL, NULL),
(9, 475, NULL, NULL, NULL, NULL, NULL),
(9, 476, NULL, NULL, NULL, NULL, NULL),
(9, 477, NULL, NULL, NULL, NULL, NULL),
(9, 478, NULL, NULL, NULL, NULL, NULL),
(9, 479, NULL, NULL, NULL, NULL, NULL),
(9, 480, NULL, NULL, NULL, NULL, NULL),
(9, 481, NULL, NULL, NULL, NULL, NULL),
(9, 482, NULL, NULL, NULL, NULL, NULL),
(9, 483, NULL, NULL, NULL, NULL, NULL),
(9, 484, NULL, NULL, NULL, NULL, NULL),
(9, 485, NULL, NULL, NULL, NULL, NULL),
(9, 486, NULL, NULL, NULL, NULL, NULL),
(9, 487, NULL, NULL, NULL, NULL, NULL),
(9, 489, NULL, NULL, NULL, NULL, 1),
(9, 490, NULL, NULL, NULL, NULL, 1),
(9, 491, NULL, NULL, NULL, NULL, 1),
(9, 492, NULL, NULL, NULL, NULL, 1),
(9, 493, NULL, NULL, NULL, NULL, 1),
(9, 494, NULL, NULL, NULL, NULL, 1),
(9, 495, NULL, NULL, NULL, NULL, 1),
(9, 496, NULL, NULL, NULL, NULL, 1),
(9, 497, NULL, NULL, NULL, NULL, 1),
(9, 498, NULL, NULL, NULL, NULL, 1),
(9, 499, NULL, NULL, NULL, NULL, 1),
(9, 500, NULL, NULL, NULL, NULL, 1),
(9, 501, NULL, NULL, NULL, NULL, 1),
(9, 502, NULL, NULL, NULL, NULL, 1),
(9, 503, NULL, NULL, NULL, NULL, 1),
(9, 504, NULL, NULL, NULL, NULL, 1),
(9, 505, NULL, NULL, NULL, NULL, 1),
(9, 506, NULL, NULL, NULL, NULL, 1),
(9, 507, NULL, NULL, NULL, NULL, 1),
(9, 508, NULL, NULL, NULL, NULL, 1),
(9, 509, NULL, NULL, NULL, NULL, 1),
(9, 510, NULL, NULL, NULL, NULL, 1),
(9, 511, NULL, NULL, NULL, NULL, 1),
(9, 512, NULL, NULL, NULL, NULL, 1),
(9, 513, NULL, NULL, NULL, NULL, 1),
(9, 559, NULL, NULL, NULL, NULL, NULL),
(9, 560, NULL, NULL, NULL, NULL, NULL),
(9, 561, NULL, NULL, NULL, NULL, NULL),
(9, 562, NULL, NULL, NULL, NULL, NULL),
(9, 563, NULL, NULL, NULL, NULL, NULL),
(9, 564, NULL, NULL, NULL, NULL, NULL),
(9, 565, NULL, NULL, NULL, NULL, NULL),
(9, 566, NULL, NULL, NULL, NULL, NULL),
(9, 567, NULL, NULL, NULL, NULL, NULL),
(9, 568, NULL, NULL, NULL, NULL, NULL),
(9, 569, NULL, NULL, NULL, NULL, NULL),
(9, 570, NULL, NULL, NULL, NULL, NULL),
(9, 571, NULL, NULL, NULL, NULL, NULL),
(9, 572, NULL, NULL, NULL, NULL, NULL),
(9, 573, NULL, NULL, NULL, NULL, NULL),
(9, 574, NULL, NULL, NULL, NULL, NULL),
(9, 575, NULL, NULL, NULL, NULL, NULL),
(9, 576, NULL, NULL, NULL, NULL, NULL),
(9, 577, NULL, NULL, NULL, NULL, NULL),
(9, 578, NULL, NULL, NULL, NULL, NULL),
(9, 579, NULL, NULL, NULL, NULL, NULL),
(9, 580, NULL, NULL, NULL, NULL, NULL),
(9, 581, NULL, NULL, NULL, NULL, NULL),
(9, 582, NULL, NULL, NULL, NULL, NULL),
(9, 583, NULL, NULL, NULL, NULL, NULL),
(10, 416, NULL, NULL, NULL, NULL, NULL),
(10, 417, NULL, NULL, NULL, NULL, NULL),
(10, 418, NULL, NULL, NULL, NULL, NULL),
(10, 419, NULL, NULL, NULL, NULL, NULL),
(10, 420, NULL, NULL, NULL, NULL, NULL),
(10, 421, NULL, NULL, NULL, NULL, NULL),
(10, 422, NULL, NULL, NULL, NULL, NULL),
(10, 423, NULL, NULL, NULL, NULL, NULL),
(10, 424, NULL, NULL, NULL, NULL, NULL),
(10, 425, NULL, NULL, NULL, NULL, NULL),
(10, 426, NULL, NULL, NULL, NULL, NULL),
(10, 427, NULL, NULL, NULL, NULL, NULL),
(10, 428, NULL, NULL, NULL, NULL, NULL),
(10, 429, NULL, NULL, NULL, NULL, NULL),
(10, 430, NULL, NULL, NULL, NULL, NULL),
(10, 431, NULL, NULL, NULL, NULL, NULL),
(10, 432, NULL, NULL, NULL, NULL, NULL),
(10, 433, NULL, NULL, NULL, NULL, NULL),
(10, 434, NULL, NULL, NULL, NULL, NULL),
(10, 435, NULL, NULL, NULL, NULL, NULL),
(10, 436, NULL, NULL, NULL, NULL, NULL),
(10, 437, NULL, NULL, NULL, NULL, NULL),
(10, 438, NULL, NULL, NULL, NULL, NULL),
(10, 439, NULL, NULL, NULL, NULL, NULL),
(10, 440, NULL, NULL, NULL, NULL, NULL),
(10, 365, NULL, NULL, NULL, NULL, NULL),
(10, 366, NULL, NULL, NULL, NULL, NULL),
(10, 367, NULL, NULL, NULL, NULL, NULL),
(10, 368, NULL, NULL, NULL, NULL, NULL),
(10, 369, NULL, NULL, NULL, NULL, NULL),
(10, 370, NULL, NULL, NULL, NULL, NULL),
(10, 371, NULL, NULL, NULL, NULL, NULL),
(10, 372, NULL, NULL, NULL, NULL, NULL),
(10, 373, NULL, NULL, NULL, NULL, NULL),
(10, 374, NULL, NULL, NULL, NULL, NULL),
(10, 375, NULL, NULL, NULL, NULL, NULL),
(10, 376, NULL, NULL, NULL, NULL, NULL),
(10, 377, NULL, NULL, NULL, NULL, NULL),
(10, 378, NULL, NULL, NULL, NULL, NULL),
(10, 379, NULL, NULL, NULL, NULL, NULL),
(10, 380, NULL, NULL, NULL, NULL, NULL),
(10, 381, NULL, NULL, NULL, NULL, NULL),
(10, 382, NULL, NULL, NULL, NULL, NULL),
(10, 383, NULL, NULL, NULL, NULL, NULL),
(10, 384, NULL, NULL, NULL, NULL, NULL),
(10, 385, NULL, NULL, NULL, NULL, NULL),
(10, 386, NULL, NULL, NULL, NULL, NULL),
(10, 387, NULL, NULL, NULL, NULL, NULL),
(10, 388, NULL, NULL, NULL, NULL, NULL),
(10, 389, NULL, NULL, NULL, NULL, NULL),
(10, 463, NULL, NULL, NULL, NULL, 1),
(10, 464, NULL, NULL, NULL, NULL, 1),
(10, 465, NULL, NULL, NULL, NULL, 1),
(10, 466, NULL, NULL, NULL, NULL, 1),
(10, 467, NULL, NULL, NULL, NULL, 1),
(10, 468, NULL, NULL, NULL, NULL, 1),
(10, 469, NULL, NULL, NULL, NULL, 1),
(10, 470, NULL, NULL, NULL, NULL, 1),
(10, 471, NULL, NULL, NULL, NULL, 1),
(10, 472, NULL, NULL, NULL, NULL, 1),
(10, 473, NULL, NULL, NULL, NULL, 1),
(10, 474, NULL, NULL, NULL, NULL, 1),
(10, 475, NULL, NULL, NULL, NULL, 1),
(10, 476, NULL, NULL, NULL, NULL, 1),
(10, 477, NULL, NULL, NULL, NULL, 1),
(10, 478, NULL, NULL, NULL, NULL, 1),
(10, 479, NULL, NULL, NULL, NULL, 1),
(10, 480, NULL, NULL, NULL, NULL, 1),
(10, 481, NULL, NULL, NULL, NULL, 1),
(10, 482, NULL, NULL, NULL, NULL, 1),
(10, 483, NULL, NULL, NULL, NULL, 1),
(10, 484, NULL, NULL, NULL, NULL, 1),
(10, 485, NULL, NULL, NULL, NULL, 1),
(10, 486, NULL, NULL, NULL, NULL, 1),
(10, 487, NULL, NULL, NULL, NULL, 1),
(10, 489, NULL, NULL, NULL, NULL, NULL),
(10, 490, NULL, NULL, NULL, NULL, NULL),
(10, 491, NULL, NULL, NULL, NULL, NULL),
(10, 492, NULL, NULL, NULL, NULL, NULL),
(10, 493, NULL, NULL, NULL, NULL, NULL),
(10, 494, NULL, NULL, NULL, NULL, NULL),
(10, 495, NULL, NULL, NULL, NULL, NULL),
(10, 496, NULL, NULL, NULL, NULL, NULL),
(10, 497, NULL, NULL, NULL, NULL, NULL),
(10, 498, NULL, NULL, NULL, NULL, NULL),
(10, 499, NULL, NULL, NULL, NULL, NULL),
(10, 500, NULL, NULL, NULL, NULL, NULL),
(10, 501, NULL, NULL, NULL, NULL, NULL),
(10, 502, NULL, NULL, NULL, NULL, NULL),
(10, 503, NULL, NULL, NULL, NULL, NULL),
(10, 504, NULL, NULL, NULL, NULL, NULL),
(10, 505, NULL, NULL, NULL, NULL, NULL),
(10, 506, NULL, NULL, NULL, NULL, NULL),
(10, 507, NULL, NULL, NULL, NULL, NULL),
(10, 508, NULL, NULL, NULL, NULL, NULL),
(10, 509, NULL, NULL, NULL, NULL, NULL),
(10, 510, NULL, NULL, NULL, NULL, NULL),
(10, 511, NULL, NULL, NULL, NULL, NULL),
(10, 512, NULL, NULL, NULL, NULL, NULL),
(10, 513, NULL, NULL, NULL, NULL, NULL),
(10, 559, NULL, NULL, NULL, NULL, NULL),
(10, 560, NULL, NULL, NULL, NULL, NULL),
(10, 561, NULL, NULL, NULL, NULL, NULL),
(10, 562, NULL, NULL, NULL, NULL, NULL),
(10, 563, NULL, NULL, NULL, NULL, NULL),
(10, 564, NULL, NULL, NULL, NULL, NULL),
(10, 565, NULL, NULL, NULL, NULL, NULL),
(10, 566, NULL, NULL, NULL, NULL, NULL),
(10, 567, NULL, NULL, NULL, NULL, NULL),
(10, 568, NULL, NULL, NULL, NULL, NULL),
(10, 569, NULL, NULL, NULL, NULL, NULL),
(10, 570, NULL, NULL, NULL, NULL, NULL),
(10, 571, NULL, NULL, NULL, NULL, NULL),
(10, 572, NULL, NULL, NULL, NULL, NULL),
(10, 573, NULL, NULL, NULL, NULL, NULL),
(10, 574, NULL, NULL, NULL, NULL, NULL),
(10, 575, NULL, NULL, NULL, NULL, NULL),
(10, 576, NULL, NULL, NULL, NULL, NULL),
(10, 577, NULL, NULL, NULL, NULL, NULL),
(10, 578, NULL, NULL, NULL, NULL, NULL),
(10, 579, NULL, NULL, NULL, NULL, NULL),
(10, 580, NULL, NULL, NULL, NULL, NULL),
(10, 581, NULL, NULL, NULL, NULL, NULL),
(10, 582, NULL, NULL, NULL, NULL, NULL),
(10, 583, NULL, NULL, NULL, NULL, NULL);

-- --------------------------------------------------------

--
-- Table structure for table `invent_move_stuff`
--

CREATE TABLE IF NOT EXISTS `invent_move_stuff` (
  `move_id` int(11) NOT NULL AUTO_INCREMENT,
  `sub_stuff_id` int(11) NOT NULL,
  `parent_id_before` int(11) NOT NULL,
  `move_date` datetime NOT NULL,
  PRIMARY KEY (`move_id`)
) ENGINE=InnoDB DEFAULT CHARSET=latin1 AUTO_INCREMENT=1 ;

-- --------------------------------------------------------

--
-- Table structure for table `invent_repair`
--

CREATE TABLE IF NOT EXISTS `invent_repair` (
  `repair_id` int(11) NOT NULL AUTO_INCREMENT,
  `repair_start_date` date NOT NULL,
  `repair_done_date` date DEFAULT NULL,
  `broken_id` int(11) NOT NULL,
  `repair_condition_result` int(1) DEFAULT NULL,
  `repair_repairer` varchar(64) NOT NULL,
  `repair_note` text,
  PRIMARY KEY (`repair_id`)
) ENGINE=InnoDB  DEFAULT CHARSET=latin1 AUTO_INCREMENT=7 ;

--
-- Dumping data for table `invent_repair`
--

INSERT INTO `invent_repair` (`repair_id`, `repair_start_date`, `repair_done_date`, `broken_id`, `repair_condition_result`, `repair_repairer`, `repair_note`) VALUES
(1, '2016-01-07', '2016-01-07', 2, 1, 'Tim Maintenance', ''),
(4, '2016-01-18', '2016-01-18', 6, 1, 'Tim Maintenance', ''),
(6, '2016-01-20', NULL, 15, NULL, 'Sofyan', NULL);

-- --------------------------------------------------------

--
-- Table structure for table `invent_stuff`
--

CREATE TABLE IF NOT EXISTS `invent_stuff` (
  `stuff_id` int(11) NOT NULL AUTO_INCREMENT,
  `stuff_name` varchar(255) NOT NULL,
  `stuff_brand` varchar(32) DEFAULT NULL,
  `stuff_model` varchar(255) DEFAULT NULL,
  PRIMARY KEY (`stuff_id`)
) ENGINE=InnoDB  DEFAULT CHARSET=latin1 AUTO_INCREMENT=208 ;

--
-- Dumping data for table `invent_stuff`
--

INSERT INTO `invent_stuff` (`stuff_id`, `stuff_name`, `stuff_brand`, `stuff_model`) VALUES
(1, 'Laboratorium Teknik Informatika', NULL, NULL),
(2, 'LAB Terpadu A', NULL, 'A'),
(3, 'LAB Terpadu B', NULL, 'B'),
(4, 'LAB Terpadu C', NULL, 'C'),
(5, 'LAB RTC', NULL, 'RTC'),
(6, 'Ruang 6.01', 'Lab A', 'Lab A'),
(7, 'Ruang 6.02', 'Lab A', 'Lab A'),
(8, 'Ruang 6.03', 'Lab B', 'Lab B'),
(9, 'Ruang 6.04', 'Lab B', 'Lab B'),
(10, 'Ruang 6.05', 'Lab C', 'Lab C'),
(11, 'Ruang 6.06', 'Lab C', 'Lab C'),
(12, 'Ruang Training', 'Lab Training', 'Lab Training'),
(13, 'Ruang Riset', 'Lab Riset', 'Lab Riset'),
(14, 'Ruang Asisten', NULL, NULL),
(15, 'Ruang Kantor', NULL, NULL),
(16, 'Meja', NULL, NULL),
(17, 'Lemari Tas dan Barang', NULL, NULL),
(18, 'Panggung', NULL, NULL),
(19, 'Lemari', NULL, NULL),
(31, 'PC Powerlogic Xenon GTX2', 'Powerlogic', 'Xenon GTX2'),
(32, 'Wireless-N Home ADSL2+ Modem Router', 'Linksys', 'WAG120N'),
(33, 'Dual-band Wireless-N Gigabit Router', 'Linksys', 'WRT320N'),
(34, 'Wireless-G Access Point', 'Linksys', 'WAP54G'),
(35, 'Wireless-G Broadband Router', 'Linksys', 'WRT54GL'),
(36, 'Mikrotik Router Board', 'Mikrotik', 'RB951Ui-2nD'),
(37, 'Mikrotik Manageable Switch', 'Mikrotik', '260GS'),
(38, 'Mikrotik Router Board', 'Mikrotik', '941-2nd'),
(39, 'Kinect Zoom', 'Nyko', '86085-A50'),
(40, 'Kinect', 'Kinect', '1414'),
(41, 'XBOX 360', 'XBOX 360', '360'),
(42, 'PC Super Power', 'Super Power', 'SP'),
(43, 'Tempat Sampah', 'Chrysan', 'Injak'),
(44, 'Remote AC', 'Mitsubishi', 'Heavy'),
(45, 'Remote Proyektor', 'Panasonic', 'Biasa'),
(46, 'Pengharum Ruang Otomatis', 'Stella', 'Otomatis'),
(47, 'Lampu Emergency', 'Yama Star', 'YM-6000'),
(48, 'IP Cam', 'TP-LINK', 'TL-SC3171G'),
(49, 'Microphone Seminar', 'Carol', 'D-26'),
(50, 'Equalizer', 'RFC', 'Stereo Frequency'),
(51, 'Switch', 'SMC', '10/100'),
(52, 'Projection Screen', 'Luma', 'Wide Screen'),
(53, 'Projection LCD', 'Panasonic', 'LX26H XGA'),
(54, 'Projection LCD', 'Sanyo', 'XGA'),
(55, 'Remote Proyektor', 'Sanyo', 'Biasa'),
(56, 'AC Mitsubishi', 'Mitsubishi', 'Heavy Duty'),
(57, 'AC LG', 'LG', ''),
(58, 'Remote AC Universal', 'HanDen', 'Universal'),
(59, 'Remote AC', 'LG', 'AAA'),
(60, 'Jam Dinding', 'Diamond', 'Style'),
(61, 'PC Powerlogic Xenon Graphite-5', 'Powerlogic', 'Xenon Graphite-5'),
(62, 'PC LAB RTC Dell', 'Dell', 'Optiplex 3010'),
(63, 'Keyboard Dell', 'Dell', ''),
(64, 'Mouse Dell', 'Dell', ''),
(68, 'Meja A-01', NULL, NULL),
(69, 'Meja A-02', NULL, NULL),
(70, 'Meja A-03', NULL, NULL),
(71, 'Meja A-04', NULL, NULL),
(72, 'Meja A-05', NULL, NULL),
(73, 'Meja A-06', NULL, NULL),
(74, 'Meja A-07', NULL, NULL),
(75, 'Meja A-08', NULL, NULL),
(76, 'Meja A-09', NULL, NULL),
(77, 'Meja A-10', NULL, NULL),
(78, 'Meja A-11', NULL, NULL),
(79, 'Meja A-12', NULL, NULL),
(80, 'Meja A-13', NULL, NULL),
(81, 'Meja A-14', NULL, NULL),
(82, 'Meja A-15', NULL, NULL),
(83, 'Meja A-16', NULL, NULL),
(84, 'Meja A-17', NULL, NULL),
(85, 'Meja A-18', NULL, NULL),
(86, 'Meja A-19', NULL, NULL),
(87, 'Meja A-20', NULL, NULL),
(88, 'Meja A-21', NULL, NULL),
(89, 'Meja A-22', NULL, NULL),
(90, 'Meja A-23', NULL, NULL),
(91, 'Meja A-24', NULL, NULL),
(92, 'Meja A-25', NULL, NULL),
(93, 'Meja A-Dosen', NULL, NULL),
(94, 'Meja B-01', NULL, NULL),
(95, 'Meja B-02', NULL, NULL),
(96, 'Meja B-03', NULL, NULL),
(97, 'Meja B-04', NULL, NULL),
(98, 'Meja B-05', NULL, NULL),
(99, 'Meja B-06', NULL, NULL),
(100, 'Meja B-07', NULL, NULL),
(101, 'Meja B-08', NULL, NULL),
(102, 'Meja B-09', NULL, NULL),
(103, 'Meja B-10', NULL, NULL),
(104, 'Meja B-11', NULL, NULL),
(105, 'Meja B-12', NULL, NULL),
(106, 'Meja B-13', NULL, NULL),
(107, 'Meja B-14', NULL, NULL),
(108, 'Meja B-15', NULL, NULL),
(109, 'Meja B-16', NULL, NULL),
(110, 'Meja B-17', NULL, NULL),
(111, 'Meja B-18', NULL, NULL),
(112, 'Meja B-19', NULL, NULL),
(113, 'Meja B-20', NULL, NULL),
(114, 'Meja B-21', NULL, NULL),
(115, 'Meja B-22', NULL, NULL),
(116, 'Meja B-23', NULL, NULL),
(117, 'Meja B-24', NULL, NULL),
(118, 'Meja B-25', NULL, NULL),
(119, 'Meja B-Dosen', '', ''),
(125, 'Ruang Server', '', ''),
(128, 'Gudang', '', ''),
(133, 'LED Monitor LG 20M37A', 'LG', '20M37A - B'),
(134, 'AC Adaptor Monitor', 'LG', 'LCAP36-E'),
(136, 'Mouse Logitech', 'Logitech', 'M-U0027-O'),
(139, 'Mouse Logitech B100', 'Logitech', 'M-U0026'),
(140, 'Keyboard Logitech K100', 'Logitech', 'K100'),
(141, 'LED Monitor LG 19M35A', 'LG', '19M35A - B'),
(142, 'Mouse Logitech M100', 'Logitech', 'M100'),
(143, 'LED Monitor LG Flatron E1951', 'LG', 'Flatron E1951TZ'),
(144, 'Mouse Logitech M-U0027-O', 'Logitec', 'M-U0027-O'),
(145, 'Kunci', '', ''),
(146, 'LCD Monitor LG Flatron E1641', 'LG', 'Flatron E1641S'),
(147, 'Mouse Logitech M-UAE96', 'Logitech', 'M-UAE96'),
(148, 'Mouse Logitech M-BZ96C', 'Logitech', 'M-BZ96C'),
(149, 'Keyboard Geniuse KB110', 'Geniuse', 'KB110'),
(150, 'Keyboard Sturdy TP181', 'Sturdy', 'TP181'),
(152, 'LCD Monitor Acer X163WL', 'Acer', 'X163WL'),
(153, 'LCD Monitor Acer P166HQL', 'Acer', 'P166HQL'),
(155, 'Keyboard Logitech Y-SZ49', 'Logitech', 'Y-SZ49'),
(156, 'Keyboard Logitech Y-UR83', 'Logitech', 'Y-UR83'),
(157, 'Mouse A4TECH', 'A4TECH', 'OP-620D'),
(158, 'Keyboard Logitech Y-SM46', 'Logitech', 'Y-SZ49'),
(159, 'Keyboard Logitech Y-S0002', 'Logitech', 'Y-S0002'),
(160, 'Keyboard Logitech K100', 'Logitech', 'K100'),
(162, 'Sedotan WC', '', ''),
(163, 'Remote Proyektor Sanyo', 'Sanyo', 'CXZR'),
(164, 'Proyektor Sanyo', 'Sanyo', 'PLC-XD2200'),
(165, 'Video Splitter Aten', 'Aten', ''),
(166, 'Microphone', '', 'Duduk'),
(167, 'Switch SMC-EZ1024DT', 'SMC', 'SMC-EZ1024DT'),
(168, 'Proyektor Screen Luma', 'Luma', 'White Screen'),
(169, 'Papan Tulis White Board', '', 'White Board'),
(170, 'Stavolt Kenika 1000VA', 'Kenika', 'AR-1000'),
(171, 'Penghapus Papan Tulis', '', 'White Board'),
(172, 'Remote Proyektor Panasonic', 'Panasonic', 'MXDK'),
(173, 'Proyektor Panasonic', 'Panasonic', 'PT-LX26H'),
(174, 'Lemari Cisco', '', ''),
(175, 'Equalizer', 'RFC', 'Stereo Frequency'),
(176, 'Microphone Carol D-26', 'Carol', 'D-26'),
(177, 'Switch SMC-EZ1016DT', 'SMC', 'EZ1016DT'),
(178, 'Video Splitter GainTech GT-1504', 'Gain Tech', 'GT-1504'),
(179, 'UPS Kenika KS1200', 'Kenika ', 'KS1200'),
(180, 'PCB Box', '', ''),
(184, 'PCB Multi9 C10', 'Multi9', 'C10'),
(185, 'PCB Multi9 C20', 'Multi9', 'C20'),
(186, 'PCB Schneider C20', 'Schneider ', 'C20'),
(187, 'PCB Schneider CL20', 'Schneider ', 'CL20'),
(188, 'PCB Schneider C16', 'Schneider ', 'C16'),
(189, 'PCB Multi9 C16', 'Multi9', 'C16'),
(190, 'PCB Merlin Gerin C20', 'Merlin Gerin', 'C20'),
(191, 'PCB Merlin Gerin C10', 'Merlin Gerin', 'C10'),
(192, 'PC Simbadda Sim-V', 'Simbadda', 'Sim-V'),
(193, 'Video Splitter Maituo', 'Maituo', 'MT-1504'),
(194, 'Switch 3Com Office Connect ', '3Com', '3C16792C'),
(195, 'Switch Allied Telesyn AT-FSW716', 'Allied Telesyn', 'AT-FSW716'),
(196, 'Proyektor Screen ScreenView', 'ScreenView', ''),
(197, 'Switch D-Link DGS-1008D ', 'D-Link', 'DGS-1008D '),
(198, 'Stavolt Matsugawa 1000VA', 'Matsugawa ', 'AR-1000'),
(199, 'PCB Schneider C10', 'Schneider ', 'C10'),
(200, 'PCB Schneider CL10', 'Schneider ', 'CL10'),
(202, 'KOST', 'semangka', 'kamar'),
(203, 'glade', 'automatic', 'refill'),
(204, 'gatsby', 'colage', 'musky'),
(205, 'gatsby', 'water gloss', 'WG'),
(206, 'indomie', 'jumbo', 'mie'),
(207, 'kispray', 'violet', 'semprot');

-- --------------------------------------------------------

--
-- Table structure for table `invent_sub_stuff`
--

CREATE TABLE IF NOT EXISTS `invent_sub_stuff` (
  `sub_stuff_id` int(11) NOT NULL AUTO_INCREMENT,
  `stuff_id` int(11) NOT NULL,
  `parent_id` int(11) NOT NULL,
  `sub_stuff_serial_number` varchar(128) DEFAULT NULL,
  `sub_stuff_condition` int(1) NOT NULL,
  `sub_stuff_borrow` int(1) NOT NULL,
  `sub_stuff_year_purchase` int(4) NOT NULL,
  PRIMARY KEY (`sub_stuff_id`)
) ENGINE=InnoDB  DEFAULT CHARSET=latin1 AUTO_INCREMENT=1263 ;

--
-- Dumping data for table `invent_sub_stuff`
--

INSERT INTO `invent_sub_stuff` (`sub_stuff_id`, `stuff_id`, `parent_id`, `sub_stuff_serial_number`, `sub_stuff_condition`, `sub_stuff_borrow`, `sub_stuff_year_purchase`) VALUES
(1, 1, 0, 'AL1A-1', 1, 1, 2005),
(2, 2, 1, 'AL2A-1', 1, 1, 2012),
(3, 3, 1, 'AL3B-1', 1, 1, 2012),
(4, 4, 1, 'AL4C-1', 1, 1, 2015),
(5, 5, 1, 'AL5RTC-1', 1, 1, 2014),
(6, 6, 2, 'AL26A-601', 1, 1, 2013),
(7, 7, 2, 'AL26A-602', 1, 1, 2013),
(8, 8, 3, 'AL28B-603', 1, 1, 2013),
(9, 9, 3, 'AL28B-604', 1, 1, 2013),
(10, 10, 4, 'AL29C-605', 1, 1, 2015),
(11, 11, 4, 'AL29C-606', 1, 1, 2015),
(12, 12, 5, 'AL12C-1', 1, 1, 2014),
(13, 13, 5, 'AL13C-1', 1, 1, 2014),
(14, 14, 1, 'AR14A-1', 1, 1, 2014),
(15, 15, 1, 'AR15A-1', 1, 1, 2014),
(24, 68, 6, 'AA68A-1', 1, 1, 2005),
(25, 69, 6, 'AA69A-1', 1, 1, 2005),
(26, 70, 6, 'AA70A-1', 1, 1, 2005),
(27, 71, 6, 'AA71A-1', 1, 1, 2005),
(28, 72, 6, 'AA72A-1', 1, 1, 2005),
(29, 73, 6, 'AA73A-1', 1, 1, 2005),
(30, 74, 6, 'AA74A-1', 1, 1, 2005),
(31, 75, 6, 'AA75A-1', 1, 1, 2005),
(32, 76, 6, 'AA76A-1', 1, 1, 2005),
(33, 77, 6, 'AA77A-1', 1, 1, 2005),
(34, 78, 6, 'AA78A-1', 1, 1, 2005),
(35, 79, 6, 'AA79A-1', 1, 1, 2005),
(36, 80, 6, 'AA80A-1', 1, 1, 2005),
(37, 81, 6, 'AA81A-1', 1, 1, 2005),
(38, 82, 6, 'AA82A-1', 1, 1, 2005),
(39, 83, 6, 'AA83A-1', 1, 1, 2005),
(40, 84, 6, 'AA84A-1', 1, 1, 2005),
(41, 85, 6, 'AA85A-1', 1, 1, 2005),
(42, 86, 6, 'AA86A-1', 1, 1, 2005),
(43, 87, 6, 'AA87A-1', 1, 1, 2005),
(44, 88, 6, 'AA88A-1', 1, 1, 2005),
(45, 89, 6, 'AA89A-1', 1, 1, 2005),
(46, 90, 6, 'AA90A-1', 1, 1, 2005),
(47, 91, 6, 'AA91A-1', 1, 1, 2005),
(48, 92, 6, 'AA92A-1', 1, 1, 2005),
(49, 94, 7, 'AB94A-1', 1, 1, 2005),
(50, 95, 7, 'AB95A-1', 1, 1, 2005),
(51, 96, 7, 'AB96A-1', 1, 1, 2005),
(52, 97, 7, 'AB97A-1', 1, 1, 2005),
(53, 98, 7, 'AB98A-1', 1, 1, 2005),
(54, 99, 7, 'AB99A-1', 1, 1, 2005),
(55, 100, 7, 'AB100A-1', 1, 1, 2005),
(56, 101, 7, 'AB101A-1', 1, 1, 2005),
(57, 102, 7, 'AB102A-1', 1, 1, 2005),
(58, 103, 7, 'AB103A-1', 1, 1, 2005),
(59, 104, 7, 'AB104A-1', 1, 1, 2005),
(60, 105, 7, 'AB105A-1', 1, 1, 2005),
(61, 106, 7, 'AB106A-1', 1, 1, 2005),
(62, 107, 7, 'AB107A-1', 1, 1, 2005),
(63, 108, 7, 'AB108A-1', 1, 1, 2005),
(64, 109, 7, 'AB109A-1', 1, 1, 2005),
(65, 110, 7, 'AB110A-1', 1, 1, 2005),
(66, 111, 7, 'AB111A-1', 1, 1, 2005),
(67, 112, 7, 'AB112A-1', 1, 1, 2005),
(68, 113, 7, 'AB113A-1', 1, 1, 2005),
(69, 114, 7, 'AB114A-1', 1, 1, 2005),
(70, 115, 7, 'AB115A-1', 1, 1, 2005),
(71, 116, 7, 'AB116A-1', 1, 1, 2005),
(72, 117, 7, 'AB117A-1', 1, 1, 2005),
(73, 118, 7, 'AB118A-1', 1, 1, 2005),
(74, 68, 8, 'AA68A-2', 1, 1, 2005),
(75, 69, 8, 'AA69A-2', 1, 1, 2005),
(76, 70, 8, 'AA70A-2', 1, 1, 2005),
(77, 71, 8, 'AA71A-2', 1, 1, 2005),
(78, 72, 8, 'AA72A-2', 1, 1, 2005),
(79, 73, 8, 'AA73A-2', 1, 1, 2005),
(80, 74, 8, 'AA74A-2', 1, 1, 2005),
(81, 75, 8, 'AA75A-2', 1, 1, 2005),
(82, 76, 8, 'AA76A-2', 1, 1, 2005),
(83, 77, 8, 'AA77A-2', 1, 1, 2005),
(84, 78, 8, 'AA78A-2', 1, 1, 2005),
(85, 79, 8, 'AA79A-2', 1, 1, 2005),
(86, 80, 8, 'AA80A-2', 1, 1, 2005),
(87, 81, 8, 'AA81A-2', 1, 1, 2005),
(88, 82, 8, 'AA82A-2', 1, 1, 2005),
(89, 83, 8, 'AA83A-2', 1, 1, 2005),
(90, 84, 8, 'AA84A-2', 1, 1, 2005),
(91, 85, 8, 'AA85A-2', 1, 1, 2005),
(92, 86, 8, 'AA86A-2', 1, 1, 2005),
(93, 87, 8, 'AA87A-2', 1, 1, 2005),
(94, 88, 8, 'AA88A-2', 1, 1, 2005),
(95, 89, 8, 'AA89A-2', 1, 1, 2005),
(96, 90, 8, 'AA90A-2', 1, 1, 2005),
(97, 91, 8, 'AA91A-2', 1, 1, 2005),
(98, 92, 8, 'AA92A-2', 1, 1, 2005),
(99, 94, 9, 'AB94A-2', 1, 1, 2005),
(100, 95, 9, 'AB95A-2', 1, 1, 2005),
(101, 96, 9, 'AB96A-2', 1, 1, 2005),
(102, 97, 9, 'AB97A-2', 1, 1, 2005),
(103, 98, 9, 'AB98A-2', 1, 1, 2005),
(104, 99, 9, 'AB99A-2', 1, 1, 2005),
(105, 100, 9, 'AB100A-2', 1, 1, 2005),
(106, 101, 9, 'AB101A-2', 1, 1, 2005),
(107, 102, 9, 'AB102A-2', 1, 1, 2005),
(108, 103, 9, 'AB103A-2', 1, 1, 2005),
(109, 104, 9, 'AB104A-2', 1, 1, 2005),
(110, 105, 9, 'AB105A-2', 1, 1, 2005),
(111, 106, 9, 'AB106A-2', 1, 1, 2005),
(112, 107, 9, 'AB107A-2', 1, 1, 2005),
(113, 108, 9, 'AB108A-2', 1, 1, 2005),
(114, 109, 9, 'AB109A-2', 1, 1, 2005),
(115, 110, 9, 'AB110A-2', 1, 1, 2005),
(116, 111, 9, 'AB111A-2', 1, 1, 2005),
(117, 112, 9, 'AB112A-2', 1, 1, 2005),
(118, 113, 9, 'AB113A-2', 1, 1, 2005),
(119, 114, 9, 'AB114A-2', 1, 1, 2005),
(120, 115, 9, 'AB115A-2', 1, 1, 2005),
(121, 116, 9, 'AB116A-2', 1, 1, 2005),
(122, 117, 9, 'AB117A-2', 1, 1, 2005),
(123, 118, 9, 'AB118A-2', 1, 1, 2005),
(124, 68, 10, 'AA68A-3', 1, 1, 2005),
(125, 69, 10, 'AA69A-3', 1, 1, 2005),
(126, 70, 10, 'AA70A-3', 1, 1, 2005),
(127, 71, 10, 'AA71A-3', 1, 1, 2005),
(128, 72, 10, 'AA72A-3', 1, 1, 2005),
(129, 73, 10, 'AA73A-3', 1, 1, 2005),
(130, 74, 10, 'AA74A-3', 1, 1, 2005),
(131, 75, 10, 'AA75A-3', 1, 1, 2005),
(132, 76, 10, 'AA76A-3', 1, 1, 2005),
(133, 77, 10, 'AA77A-3', 1, 1, 2005),
(134, 78, 10, 'AA78A-3', 1, 1, 2005),
(135, 79, 10, 'AA79A-3', 1, 1, 2005),
(136, 80, 10, 'AA80A-3', 1, 1, 2005),
(137, 81, 10, 'AA81A-3', 1, 1, 2005),
(138, 82, 10, 'AA82A-3', 1, 1, 2005),
(139, 83, 10, 'AA83A-3', 1, 1, 2005),
(140, 84, 10, 'AA84A-3', 1, 1, 2005),
(141, 85, 10, 'AA85A-3', 1, 1, 2005),
(142, 86, 10, 'AA86A-3', 1, 1, 2005),
(143, 87, 10, 'AA87A-3', 1, 1, 2005),
(144, 88, 10, 'AA88A-3', 1, 1, 2005),
(145, 89, 10, 'AA89A-3', 1, 1, 2005),
(146, 90, 10, 'AA90A-3', 1, 1, 2005),
(147, 91, 10, 'AA91A-3', 1, 1, 2005),
(148, 92, 10, 'AA92A-3', 1, 1, 2005),
(149, 94, 11, 'AB94A-3', 1, 1, 2005),
(150, 95, 11, 'AB95A-3', 1, 1, 2005),
(151, 96, 11, 'AB96A-3', 1, 1, 2005),
(152, 97, 11, 'AB97A-3', 1, 1, 2005),
(153, 98, 11, 'AB98A-3', 1, 1, 2005),
(154, 99, 11, 'AB99A-3', 1, 1, 2005),
(155, 100, 11, 'AB100A-3', 1, 1, 2005),
(156, 101, 11, 'AB101A-3', 1, 1, 2005),
(157, 102, 11, 'AB102A-3', 1, 1, 2005),
(158, 103, 11, 'AB103A-3', 1, 1, 2005),
(159, 104, 11, 'AB104A-3', 1, 1, 2005),
(160, 105, 11, 'AB105A-3', 1, 1, 2005),
(161, 106, 11, 'AB106A-3', 1, 1, 2005),
(162, 107, 11, 'AB107A-3', 1, 1, 2005),
(163, 108, 11, 'AB108A-3', 1, 1, 2005),
(164, 109, 11, 'AB109A-3', 1, 1, 2005),
(165, 110, 11, 'AB110A-3', 1, 1, 2005),
(166, 111, 11, 'AB111A-3', 1, 1, 2005),
(167, 112, 11, 'AB112A-3', 1, 1, 2005),
(168, 113, 11, 'AB113A-3', 1, 1, 2005),
(169, 114, 11, 'AB114A-3', 1, 1, 2005),
(170, 115, 11, 'AB115A-3', 1, 1, 2005),
(171, 116, 11, 'AB116A-3', 1, 1, 2005),
(172, 117, 11, 'AB117A-3', 1, 1, 2005),
(173, 118, 11, 'AB118A-3', 1, 1, 2005),
(174, 68, 12, 'AA68A-4', 1, 1, 2005),
(175, 69, 12, 'AA69A-4', 1, 1, 2005),
(176, 70, 12, 'AA70A-4', 1, 1, 2005),
(177, 71, 12, 'AA71A-4', 1, 1, 2005),
(178, 72, 12, 'AA72A-4', 1, 1, 2005),
(179, 73, 12, 'AA73A-4', 1, 1, 2005),
(180, 74, 12, 'AA74A-4', 1, 1, 2005),
(181, 75, 12, 'AA75A-4', 1, 1, 2005),
(182, 76, 12, 'AA76A-4', 1, 1, 2005),
(183, 77, 12, 'AA77A-4', 1, 1, 2005),
(365, 31, 49, 'PP31X-1', 1, 1, 2014),
(366, 31, 50, 'PP31X-2', 1, 1, 2014),
(367, 31, 51, 'PP31X-3', 1, 1, 2014),
(368, 31, 52, 'PP31X-4', 1, 1, 2014),
(369, 31, 53, 'PP31X-5', 1, 1, 2014),
(370, 31, 54, 'PP31X-6', 1, 1, 2014),
(371, 31, 55, 'PP31X-7', 1, 1, 2014),
(372, 31, 56, 'PP31X-8', 1, 1, 2014),
(373, 31, 57, 'PP31X-9', 1, 1, 2014),
(374, 31, 58, 'PP31X-10', 1, 1, 2014),
(375, 31, 59, 'PP31X-11', 1, 1, 2014),
(376, 31, 60, 'PP31X-12', 1, 1, 2014),
(377, 31, 61, 'PP31X-13', 1, 1, 2014),
(378, 31, 62, 'PP31X-14', 1, 1, 2014),
(379, 31, 63, 'PP31X-15', 1, 1, 2014),
(380, 31, 64, 'PP31X-16', 1, 1, 2014),
(381, 31, 65, 'PP31X-17', 1, 1, 2014),
(382, 31, 66, 'PP31X-18', 1, 1, 2014),
(383, 31, 67, 'PP31X-19', 1, 1, 2014),
(384, 31, 68, 'PP31X-20', 1, 1, 2014),
(385, 31, 69, 'PP31X-21', 1, 1, 2014),
(386, 31, 70, 'PP31X-22', 1, 1, 2014),
(387, 31, 71, 'PP31X-23', 1, 1, 2014),
(388, 31, 72, 'PP31X-24', 1, 1, 2014),
(389, 31, 73, 'PP31X-25', 1, 1, 2014),
(416, 31, 24, 'PP31X-51', 1, 1, 2014),
(417, 31, 25, 'PP31X-52', 1, 1, 2014),
(418, 31, 26, 'PP31X-53', 1, 1, 2014),
(419, 31, 27, 'PP31X-54', 1, 1, 2014),
(420, 31, 28, 'PP31X-55', 1, 1, 2014),
(421, 31, 29, 'PP31X-56', 1, 1, 2014),
(422, 31, 30, 'PP31X-57', 1, 1, 2014),
(423, 31, 31, 'PP31X-58', 1, 1, 2014),
(424, 31, 32, 'PP31X-59', 1, 1, 2014),
(425, 31, 33, 'PP31X-60', 1, 1, 2014),
(426, 31, 34, 'PP31X-61', 1, 1, 2014),
(427, 31, 35, 'PP31X-62', 1, 1, 2014),
(428, 31, 36, 'PP31X-63', 1, 1, 2014),
(429, 31, 37, 'PP31X-64', 1, 1, 2014),
(430, 31, 38, 'PP31X-65', 1, 1, 2014),
(431, 31, 39, 'PP31X-66', 1, 1, 2014),
(432, 31, 40, 'PP31X-67', 1, 1, 2014),
(433, 31, 41, 'PP31X-68', 1, 1, 2014),
(434, 31, 42, 'PP31X-69', 1, 1, 2014),
(435, 31, 43, 'PP31X-70', 1, 1, 2014),
(438, 31, 46, 'PP31X-73', 1, 1, 2014),
(439, 31, 47, 'PP31X-74', 1, 1, 2014),
(440, 31, 48, 'PP31X-75', 1, 1, 2014),
(441, 32, 953, 'SUW00K136108', 2, 1, 2010),
(442, 33, 953, 'CUH01K801553', 2, 1, 2011),
(443, 33, 1109, 'CUH01K800529', 1, 1, 2011),
(444, 34, 1109, 'MDG30G920826', 1, 1, 2008),
(445, 35, 1109, 'CL7B6M300514', 1, 1, 2012),
(446, 35, 1109, 'CL7B16140', 1, 1, 2012),
(447, 35, 1109, 'CL7B1JB16118', 1, 1, 2012),
(448, 35, 1109, 'CL7B6M302677', 1, 1, 2012),
(449, 34, 1109, 'MDG30GC42177', 1, 1, 2008),
(450, 35, 1109, 'CL7B6M300468', 1, 1, 2012),
(451, 35, 1109, 'CL7B6M300449', 1, 1, 2012),
(452, 35, 953, 'CL7B1KA04052', 2, 1, 2012),
(453, 36, 1109, '5D450151E380/530', 1, 1, 2015),
(454, 36, 1109, '5D45055DE829/530', 1, 1, 2015),
(456, 36, 1109, '5D450596664D/530', 1, 1, 2015),
(457, 37, 1109, '6071044F9EE5/528', 1, 1, 2015),
(458, 38, 1109, '5B3204E709BA/507', 1, 1, 2015),
(459, 39, 1109, '1318015242', 1, 1, 2013),
(460, 40, 12, '176774312438', 1, 1, 2013),
(461, 40, 12, '078049712135', 1, 1, 2013),
(462, 41, 12, '028742552543', 1, 1, 2013),
(463, 42, 74, 'SP42S-1', 1, 1, 2012),
(464, 42, 75, 'SP42S-2', 1, 1, 2012),
(465, 42, 76, 'SP42S-3', 1, 1, 2012),
(466, 42, 77, 'SP42S-4', 1, 1, 2012),
(467, 42, 78, 'SP42S-5', 1, 1, 2012),
(468, 42, 79, 'SP42S-6', 1, 1, 2012),
(469, 42, 80, 'SP42S-7', 1, 1, 2012),
(470, 42, 81, 'SP42S-8', 1, 1, 2012),
(471, 42, 82, 'SP42S-9', 1, 1, 2012),
(472, 42, 83, 'SP42S-10', 1, 1, 2012),
(473, 42, 84, 'SP42S-11', 1, 1, 2012),
(474, 42, 85, 'SP42S-12', 1, 1, 2012),
(475, 42, 86, 'SP42S-13', 1, 1, 2012),
(476, 42, 87, 'SP42S-14', 1, 1, 2012),
(477, 42, 88, 'SP42S-15', 1, 1, 2012),
(478, 42, 89, 'SP42S-16', 1, 1, 2012),
(479, 42, 90, 'SP42S-17', 1, 1, 2012),
(480, 42, 91, 'SP42S-18', 1, 1, 2012),
(481, 42, 92, 'SP42S-19', 1, 1, 2012),
(482, 42, 93, 'SP42S-20', 1, 1, 2012),
(483, 42, 94, 'SP42S-21', 1, 1, 2012),
(484, 42, 95, 'SP42S-22', 1, 1, 2012),
(485, 42, 96, 'SP42S-23', 1, 1, 2012),
(486, 42, 97, 'SP42S-24', 1, 1, 2012),
(487, 42, 98, 'SP42S-25', 1, 1, 2012),
(489, 42, 99, 'SP42S-27', 1, 1, 2012),
(490, 42, 100, 'SP42S-28', 1, 1, 2012),
(491, 42, 101, 'SP42S-29', 1, 1, 2012),
(492, 42, 102, 'SP42S-30', 1, 1, 2012),
(493, 42, 103, 'SP42S-31', 1, 1, 2012),
(494, 42, 104, 'SP42S-32', 1, 1, 2012),
(495, 42, 105, 'SP42S-33', 1, 1, 2012),
(496, 42, 106, 'SP42S-34', 1, 1, 2012),
(497, 42, 107, 'SP42S-35', 1, 1, 2012),
(498, 42, 108, 'SP42S-36', 1, 1, 2012),
(499, 42, 109, 'SP42S-37', 1, 1, 2012),
(500, 42, 110, 'SP42S-38', 1, 1, 2012),
(501, 42, 111, 'SP42S-39', 1, 1, 2012),
(502, 42, 112, 'SP42S-40', 1, 1, 2012),
(503, 42, 113, 'SP42S-41', 1, 1, 2012),
(504, 42, 114, 'SP42S-42', 1, 1, 2012),
(505, 42, 115, 'SP42S-43', 1, 1, 2012),
(506, 42, 116, 'SP42S-44', 1, 1, 2012),
(507, 42, 117, 'SP42S-45', 1, 1, 2012),
(508, 42, 118, 'SP42S-46', 1, 1, 2012),
(509, 42, 119, 'SP42S-47', 1, 1, 2012),
(510, 42, 120, 'SP42S-48', 1, 1, 2012),
(511, 42, 121, 'SP42S-49', 1, 1, 2012),
(512, 42, 122, 'SP42S-50', 1, 1, 2012),
(513, 42, 123, 'SP42S-51', 1, 1, 2012),
(515, 43, 6, 'CT43I-1', 1, 1, 2015),
(516, 43, 7, 'CT43I-2', 1, 1, 2015),
(517, 44, 6, 'MR44H-1', 1, 1, 2015),
(519, 46, 8, 'SP46O-1', 1, 1, 2015),
(520, 46, 7, 'SP46O-2', 1, 1, 2015),
(521, 47, 6, 'YL47Y-1', 1, 1, 2015),
(523, 48, 1109, '11B78600288', 1, 1, 2012),
(531, 56, 6, 'MA56H-1', 1, 1, 2015),
(532, 56, 6, 'MA56H-2', 1, 1, 2015),
(533, 56, 7, 'MA56H-3', 1, 1, 2015),
(534, 56, 7, 'MA56H-4', 1, 1, 2015),
(535, 57, 9, 'LA57-1', 1, 1, 2015),
(536, 57, 9, 'LA57-2', 1, 1, 2015),
(537, 56, 8, 'MA56H-5', 1, 1, 2015),
(538, 56, 8, 'MA56H-6', 1, 1, 2015),
(539, 46, 9, 'SP46O-3', 1, 1, 2015),
(540, 46, 6, 'SP46O-4', 1, 1, 2015),
(543, 43, 8, 'CT43I-3', 1, 1, 2015),
(544, 43, 9, 'CT43I-4', 1, 1, 2015),
(552, 44, 8, 'MR44H-2', 1, 1, 2015),
(553, 58, 9, 'KT-100A II', 1, 1, 2015),
(554, 59, 9, '6711A20010D', 1, 1, 2015),
(555, 60, 8, 'DJ60S-1', 1, 1, 2015),
(556, 60, 7, 'DJ60S-2', 1, 1, 2015),
(557, 60, 6, 'DJ60S-3', 1, 1, 2015),
(558, 60, 9, 'DJ60S-4', 1, 1, 2015),
(559, 61, 124, 'PP61X-1', 1, 1, 2015),
(560, 61, 125, 'PP61X-2', 1, 1, 2015),
(561, 61, 126, 'PP61X-3', 1, 1, 2015),
(562, 61, 127, 'PP61X-4', 1, 1, 2015),
(563, 61, 128, 'PP61X-5', 1, 1, 2015),
(564, 61, 129, 'PP61X-6', 1, 1, 2015),
(565, 61, 130, 'PP61X-7', 1, 1, 2015),
(566, 61, 131, 'PP61X-8', 1, 1, 2015),
(567, 61, 132, 'PP61X-9', 1, 1, 2015),
(568, 61, 133, 'PP61X-10', 1, 1, 2015),
(569, 61, 134, 'PP61X-11', 1, 1, 2015),
(570, 61, 135, 'PP61X-12', 1, 1, 2015),
(571, 61, 136, 'PP61X-13', 1, 1, 2015),
(572, 61, 137, 'PP61X-14', 1, 1, 2015),
(573, 61, 138, 'PP61X-15', 1, 1, 2015),
(574, 61, 139, 'PP61X-16', 1, 1, 2015),
(575, 61, 140, 'PP61X-17', 1, 1, 2015),
(576, 61, 141, 'PP61X-18', 1, 1, 2015),
(577, 61, 142, 'PP61X-19', 1, 1, 2015),
(578, 61, 143, 'PP61X-20', 1, 1, 2015),
(579, 61, 144, 'PP61X-21', 1, 1, 2015),
(580, 61, 145, 'PP61X-22', 1, 1, 2015),
(581, 61, 146, 'PP61X-23', 1, 1, 2015),
(582, 61, 147, 'PP61X-24', 1, 1, 2015),
(583, 61, 148, 'PP61X-25', 1, 1, 2015),
(584, 62, 174, 'DP62O-1', 1, 1, 2014),
(585, 62, 175, 'DP62O-2', 1, 1, 2014),
(586, 62, 176, 'DP62O-3', 1, 1, 2014),
(587, 62, 177, 'DP62O-4', 1, 1, 2014),
(588, 62, 178, 'DP62O-5', 1, 1, 2014),
(589, 62, 179, 'DP62O-6', 1, 1, 2014),
(590, 62, 180, 'DP62O-7', 1, 1, 2014),
(591, 62, 181, 'DP62O-8', 1, 1, 2014),
(608, 125, 1, 'RServer-1', 1, 1, 2015),
(618, 133, 144, '506NTGY1U247', 1, 1, 2015),
(619, 134, 144, 'EF42P629923010118', 1, 1, 2015),
(620, 140, 144, '1452SY016PU8', 1, 1, 2015),
(621, 144, 144, 'HS44H8A', 1, 1, 2015),
(622, 133, 145, '505NTRL9R918', 1, 1, 2015),
(623, 134, 145, 'EF3JN629923016331', 1, 1, 2015),
(624, 140, 145, '1452SY016PU8', 1, 1, 2015),
(625, 144, 145, 'HS44H8A', 1, 1, 2015),
(626, 133, 146, '505NTNH9T743', 1, 1, 2015),
(627, 134, 146, 'EF42N629923018839', 1, 1, 2015),
(628, 140, 146, '1452SY016PV8', 1, 1, 2015),
(629, 144, 146, 'HS44H8A', 1, 1, 2015),
(630, 133, 147, '505NTKF9T717', 1, 1, 2015),
(631, 134, 147, 'EF42P629923018479', 1, 1, 2015),
(632, 140, 147, '1452SY016PT8', 1, 1, 2015),
(633, 144, 147, 'HS44H8A', 1, 1, 2015),
(634, 144, 148, 'HS44H8A', 1, 1, 2015),
(635, 140, 148, '1452SY016PZ8', 1, 1, 2015),
(636, 133, 148, '505NTJJ9T676', 1, 1, 2015),
(637, 134, 148, 'EF42P629923017618', 1, 1, 2015),
(638, 133, 124, '506NTAB1U160', 1, 1, 2015),
(639, 134, 124, 'EF42P629923010289', 1, 1, 2015),
(640, 140, 124, '1501SY02CA08', 1, 1, 2015),
(641, 144, 124, 'AS451AA', 1, 1, 2015),
(642, 133, 125, '405NTXR9T72', 1, 1, 2015),
(643, 134, 125, 'EF42P629923018592', 1, 1, 2015),
(644, 144, 125, 'HS451H', 1, 1, 2015),
(645, 140, 125, '1501SY02CAH8', 1, 1, 2015),
(646, 133, 126, '505NTHN9TT29', 1, 1, 2015),
(647, 134, 126, 'EF42P629923018448', 1, 1, 2015),
(648, 144, 126, 'HS451HA', 1, 1, 2015),
(649, 140, 126, '1501SY02G7R8', 1, 1, 2015),
(650, 133, 127, '505NTCZ9P69', 1, 1, 2015),
(651, 134, 127, 'EF42P629923016667', 1, 1, 2015),
(652, 140, 127, '1501SY02CA18', 1, 1, 2015),
(653, 144, 127, 'HS451HA', 1, 1, 2015),
(654, 133, 128, '505NTKF9T741', 1, 1, 2015),
(655, 134, 128, 'EF42N629923018773', 1, 1, 2015),
(656, 140, 128, '1501SY02CA28', 1, 1, 2015),
(657, 144, 128, 'HS451HA', 1, 1, 2015),
(658, 133, 132, '506NTSU1U246', 1, 1, 2015),
(659, 134, 132, 'EF42P629923010111', 1, 1, 2015),
(660, 144, 132, 'HS440HA', 1, 1, 2015),
(661, 140, 132, '1443SY04SJE8', 1, 1, 2015),
(662, 133, 131, '505NTNH9T719', 1, 1, 2015),
(663, 134, 131, 'EF42P629923017557', 1, 1, 2015),
(664, 144, 131, 'HS424HA', 1, 1, 2015),
(665, 140, 131, '1427SYO3OTA8', 1, 1, 2015),
(666, 133, 130, '505NTC9T656', 1, 1, 2015),
(667, 134, 130, 'EF42P629923017036', 1, 1, 2015),
(669, 144, 130, 'HS424HA', 1, 1, 2015),
(670, 140, 130, '1427SY030T08', 1, 1, 2015),
(671, 133, 129, '505NTSU9T734', 1, 1, 2015),
(672, 134, 129, 'EF42P629923019438', 1, 1, 2015),
(673, 144, 129, 'HS424HA', 1, 1, 2015),
(674, 140, 129, '1427SYO31178', 1, 1, 2015),
(675, 144, 133, 'HS424HA', 1, 1, 2015),
(676, 140, 133, '1427SYO3OT98', 1, 1, 2015),
(677, 133, 133, '505NTJJ9T724', 1, 1, 2015),
(679, 133, 138, '505NTPC9S400', 1, 1, 2015),
(680, 134, 138, 'EF42P629923017059', 1, 1, 2015),
(681, 144, 138, 'HS451HA', 1, 1, 2015),
(682, 140, 138, '1501SY02G7F8', 1, 1, 2015),
(684, 133, 137, '505NTJJ9T652', 1, 1, 2015),
(685, 17, 10, 'LMR-1', 1, 1, 2010),
(686, 133, 143, '506NTWG1U137', 1, 1, 2015),
(687, 134, 143, 'EF42P629923012624', 1, 1, 2015),
(688, 140, 143, '1501SY02C9X8', 1, 1, 2015),
(689, 144, 143, 'HS451HA', 1, 1, 2015),
(690, 133, 142, '505NTZN9T685', 1, 1, 2015),
(691, 134, 137, 'EF42P629923017123', 1, 1, 2015),
(692, 144, 137, 'HS451HA', 1, 1, 2015),
(693, 134, 142, 'EF42P629923018657', 1, 1, 2015),
(694, 140, 137, '1501SY02G5M8', 1, 1, 2015),
(695, 140, 142, '1501SY02C9Y8', 1, 1, 2015),
(696, 144, 142, 'HS451HA', 1, 1, 2015),
(697, 133, 136, '506NTFA1U235', 1, 1, 2015),
(698, 134, 136, 'EF42P629923010630', 1, 1, 2015),
(699, 133, 141, '505NTYT9T658', 1, 1, 2015),
(700, 144, 136, 'HS451HA', 1, 1, 2015),
(701, 140, 136, '1501SY02G5B8', 1, 1, 2015),
(702, 134, 141, 'EF42P629923017013', 1, 1, 2015),
(703, 140, 141, '1452SY016PQ8', 1, 1, 2015),
(704, 133, 135, '505NTNH9R239', 1, 1, 2015),
(705, 144, 141, 'HS451HA', 1, 1, 2015),
(706, 134, 135, 'EF37N629923016284', 1, 1, 2015),
(707, 144, 135, 'HS448HA', 1, 1, 2015),
(708, 140, 135, '1452SY016PP8', 1, 1, 2015),
(709, 133, 134, '505NTWG9P721', 1, 1, 2015),
(710, 134, 134, 'EF42P629923018470', 1, 1, 2015),
(711, 144, 134, 'HS448HA', 1, 1, 2015),
(712, 140, 134, '1452SY016PY8', 1, 1, 2015),
(713, 133, 139, '505NTFA9T675', 1, 1, 2015),
(714, 134, 139, 'EF42P629923017064', 1, 1, 2015),
(715, 144, 139, 'HS448HA', 1, 1, 2015),
(716, 140, 139, '1452SY016PN8', 1, 1, 2015),
(717, 133, 140, '505NTFA9T651', 1, 1, 2015),
(718, 134, 140, 'EF42P629923017035', 1, 1, 2015),
(719, 144, 140, 'HS448HA', 1, 1, 2015),
(720, 140, 140, '1452SY016PS8', 1, 1, 2015),
(721, 134, 133, 'EF42P629923018574', 1, 1, 2015),
(722, 139, 48, '1323HS0317X8', 1, 1, 2013),
(724, 134, 33, 'HE14D630320018508', 1, 1, 2015),
(725, 140, 48, '-', 1, 1, 2014),
(726, 139, 33, '1323HS04PZ18', 1, 1, 2013),
(727, 140, 33, '1331SY02VXV8', 1, 1, 2014),
(728, 141, 48, '403INUB0Z510', 1, 1, 2014),
(729, 141, 33, '403INZY0Z573', 1, 1, 2014),
(730, 134, 48, 'HE14D630326018655', 1, 1, 2015),
(731, 141, 32, '403INZY0Z525', 1, 1, 2014),
(732, 134, 32, 'he14d630320018303', 1, 1, 2015),
(733, 134, 47, 'HDDID63032001A261', 1, 1, 2015),
(734, 140, 47, '1318SY01MKB8', 1, 1, 2014),
(735, 139, 32, '1323HS04Q0D8', 1, 1, 2013),
(736, 139, 47, '1323HS0317T8', 1, 1, 2013),
(737, 140, 32, '1331SY02VXY8', 1, 1, 2014),
(738, 141, 47, '403INUB0Z486', 1, 1, 2014),
(740, 134, 46, 'HDDID630320011533', 1, 1, 2015),
(741, 134, 31, 'HE14D630320019283', 1, 1, 2015),
(742, 139, 46, '1323HS0317H8', 1, 1, 2013),
(743, 139, 31, '1323HS04Q1H8', 1, 1, 2013),
(744, 140, 46, '-', 1, 1, 2014),
(745, 140, 31, '1331SY032EJ8', 1, 1, 2014),
(746, 141, 46, '403INBS0Z517', 1, 1, 2014),
(747, 141, 43, '403INGQ0Z575', 1, 1, 2014),
(748, 141, 30, '403INUB1C538', 1, 1, 2014),
(749, 134, 43, 'HE14D630320018609', 1, 1, 2015),
(750, 139, 43, '1323HS0317P8', 1, 1, 2013),
(751, 141, 31, '403INSE0Z526', 1, 1, 2014),
(752, 140, 43, '1321SY03DUV8', 1, 1, 2014),
(753, 134, 30, 'HE14D630320018449', 1, 1, 2015),
(754, 139, 30, '1323HS04Q098', 1, 1, 2013),
(755, 134, 42, 'HE14D630320018506', 1, 1, 2015),
(756, 140, 30, '1319SY0AGFR8', 1, 1, 2014),
(757, 141, 42, '403INXJ0Z562', 1, 1, 2014),
(758, 139, 42, '1323HS0317V8', 1, 1, 2013),
(759, 141, 29, '403INQU1C348', 1, 1, 2014),
(760, 140, 42, '1321SY03DVD8', 1, 1, 2014),
(761, 134, 29, 'HE14D630320018273', 1, 1, 2015),
(762, 139, 29, '1323HS04Q1G8', 1, 1, 2013),
(763, 141, 41, '403INUB1C310', 1, 1, 2014),
(764, 140, 29, '1319SY0AFY38', 1, 1, 2014),
(765, 134, 41, 'HDDID63032001B365', 1, 1, 2015),
(766, 141, 24, '403INQU0Z524', 1, 1, 2014),
(767, 139, 41, '1323HS0317RE', 1, 1, 2013),
(768, 140, 41, '1318SY01LHZ8', 1, 1, 2014),
(769, 134, 24, 'HE14D630320018584', 1, 1, 2015),
(770, 139, 24, '1323HS04Q1C8', 1, 1, 2013),
(771, 141, 40, '403INMF1B659', 1, 1, 2014),
(772, 140, 24, '1331SY035328', 1, 1, 2014),
(773, 134, 40, 'HDDND630320016524', 1, 1, 2015),
(774, 141, 25, '403INXJ1C482', 1, 1, 2014),
(775, 139, 40, '1323HS0317J8', 1, 1, 2013),
(776, 134, 25, 'HDDND630320019308', 1, 1, 2015),
(777, 140, 40, '1321SY03GRE8', 1, 1, 2014),
(778, 139, 25, '1323HS04Q038', 1, 1, 2013),
(779, 141, 39, '403INDP0Z482', 1, 1, 2014),
(780, 140, 25, '1319SY0AEFU8', 1, 1, 2014),
(781, 134, 39, 'HE14D630320018457', 1, 1, 2015),
(782, 139, 39, '1323HS0317M8', 1, 1, 2013),
(783, 141, 26, '403INLV1C286', 1, 1, 2014),
(784, 140, 39, '1321SY03GSH8', 1, 1, 2014),
(785, 134, 26, 'HDDND630320019197', 1, 1, 2015),
(786, 139, 26, '1323HS04Q0S8', 1, 1, 2013),
(787, 140, 26, '1319SY0AGFP8', 1, 1, 2014),
(788, 141, 44, '403INZY0Z477', 1, 1, 2014),
(789, 141, 27, '403INLV1C328', 1, 1, 2014),
(790, 134, 44, 'HC9KD627686068781', 1, 1, 2015),
(791, 134, 27, 'HDDND630320019283', 1, 1, 2015),
(792, 139, 27, '1323HS04Q168', 1, 1, 2013),
(793, 142, 44, 'LZ139M3', 1, 1, 2007),
(794, 140, 27, '1331SY032EH8', 1, 1, 2014),
(795, 140, 44, '-', 1, 1, 2014),
(796, 141, 28, '403INUB1C046', 1, 1, 2014),
(797, 140, 45, '1321SYO3JFF8', 1, 1, 2014),
(798, 134, 28, 'HE14D630320019227', 1, 1, 2015),
(799, 139, 45, '1323HS0317K8', 1, 1, 2013),
(800, 139, 28, '1323HS04Q078', 1, 1, 2013),
(801, 140, 28, '1331SY02VXX8', 1, 1, 2014),
(802, 141, 38, '403INUB1C238', 1, 1, 2014),
(803, 134, 38, 'HDDID630320010565', 1, 1, 2015),
(804, 139, 38, '1323HS04Q048', 1, 1, 2013),
(805, 140, 38, '1321SY03DUT8', 1, 1, 2014),
(806, 141, 37, '403INGQ0Z479', 1, 1, 2014),
(807, 134, 37, 'HDDID63032001B052', 1, 1, 2015),
(808, 139, 37, '1323HS04Q148', 1, 1, 2013),
(809, 140, 37, '1321SY03DLX8', 1, 1, 2014),
(810, 141, 35, '403INYD1C322', 1, 1, 2014),
(811, 134, 35, 'HE14D630320018342', 1, 1, 2015),
(812, 143, 73, '209NDMTLR635', 1, 1, 2013),
(813, 139, 35, '1323HS04Q088', 1, 1, 2013),
(814, 140, 35, '1321SY03GRC8', 1, 1, 2014),
(815, 141, 34, '403INRC0Z518', 1, 1, 2014),
(816, 134, 34, 'HDDID63032001B040', 1, 1, 2015),
(817, 139, 34, '1323HS04Q058', 1, 1, 2013),
(818, 140, 34, '1321SY03GRR8', 1, 1, 2014),
(819, 141, 36, '403INKH1B589', 1, 1, 2014),
(820, 134, 36, 'HDDND630320019589', 1, 1, 2015),
(821, 139, 36, '1323HS04Q0Z8', 1, 1, 2013),
(822, 140, 36, '1321SY03GRD8', 1, 1, 2014),
(829, 140, 73, '1313SY03CYD8', 1, 1, 2014),
(830, 144, 73, '144MLM-1', 1, 1, 2013),
(831, 134, 73, 'HC9KD627686069088', 1, 1, 2015),
(832, 144, 72, '144MLM-2', 1, 1, 2013),
(833, 140, 72, '1313SY0FX68', 1, 1, 2014),
(834, 134, 72, 'HC9LD627686064870', 1, 1, 2015),
(835, 143, 72, '2106DPW40527', 1, 1, 2013),
(837, 144, 71, '144MLM-3', 1, 1, 2013),
(838, 140, 71, '1315SY02UST8', 1, 1, 2014),
(839, 134, 71, 'HD5VD62768606G162', 1, 1, 2015),
(840, 143, 71, '210NDFV40475', 1, 1, 2013),
(841, 144, 70, '144MLM-4', 1, 1, 2013),
(842, 140, 70, '1313SY03E948', 1, 1, 2014),
(843, 134, 70, 'HC9RD627686060182', 1, 1, 2015),
(844, 143, 70, '209NDCRLR891', 1, 1, 2013),
(845, 144, 69, '144MLM-5', 1, 1, 2013),
(846, 140, 69, '1313SY03GBU8', 1, 1, 2014),
(847, 134, 69, 'HC8FD627686065111', 1, 1, 2015),
(848, 143, 69, '304NDUNN5718', 1, 1, 2013),
(849, 144, 68, '144MLM-6', 1, 1, 2013),
(850, 144, 64, '144MLM-7', 1, 1, 2013),
(851, 140, 64, '1313SY03D2D8', 1, 1, 2014),
(852, 134, 64, 'HD4JD627686065760', 1, 1, 2015),
(853, 143, 64, '304NDNUN5167', 1, 1, 2013),
(854, 140, 65, '1313SY03EVE8', 1, 1, 2014),
(855, 144, 65, '144MLM-8', 1, 1, 2013),
(856, 134, 65, 'HC8FD627686066301', 1, 1, 2015),
(858, 143, 65, '304NDZJN5709', 1, 1, 2013),
(859, 144, 66, '144MLM-9', 1, 1, 2013),
(860, 140, 66, '1314SY031B08', 1, 1, 2014),
(861, 134, 66, 'HD49D627686064238', 1, 1, 2015),
(862, 143, 66, '210NDYG40482', 1, 1, 2013),
(863, 144, 67, '144MLM-10', 1, 1, 2013),
(864, 140, 67, '1314SY032KD8', 1, 1, 2014),
(865, 134, 67, 'HC9KD62768606D639', 1, 1, 2015),
(866, 143, 67, '304NDHBN5201', 1, 1, 2013),
(867, 140, 68, '1313SY03CYE8', 1, 1, 2014),
(868, 134, 68, 'HD3VD627686064035', 1, 1, 2015),
(869, 143, 68, '304NDSKN5326', 1, 1, 2013),
(870, 144, 63, '144MLM-11', 1, 1, 2013),
(871, 140, 63, '1313SY03E938', 1, 1, 2014),
(872, 134, 63, '134ALL-1', 1, 1, 2015),
(873, 143, 63, '210NDLS40968', 1, 1, 2013),
(874, 134, 62, 'HD4JD627686065874', 1, 1, 2015),
(875, 144, 62, '144MLM-12', 1, 1, 2013),
(876, 140, 62, '1313SY03U8Z8', 1, 1, 2014),
(877, 143, 62, '304NDHBD1233', 1, 1, 2013),
(878, 144, 61, '144MLM-13', 1, 1, 2013),
(879, 140, 61, '1313SY03CRW8', 1, 1, 2014),
(880, 143, 61, '304NDAYD1632', 1, 1, 2013),
(881, 134, 61, 'HD3VD62786065598', 1, 1, 2015),
(882, 144, 60, '144MLM-14', 1, 1, 2013),
(883, 140, 60, '1313SY03D3B8', 1, 1, 2014),
(884, 134, 60, 'HC8GD627686063897', 1, 1, 2015),
(885, 143, 60, '210ND5S40488', 1, 1, 2013),
(886, 144, 59, '144MLM-15', 1, 1, 2013),
(887, 140, 59, '1313SY03E5E8', 1, 1, 2014),
(888, 134, 59, 'HC9KD62768606D222', 1, 1, 2015),
(889, 143, 59, '209NDCRLR651', 1, 1, 2013),
(890, 144, 58, '144MLM-16', 1, 1, 2013),
(891, 140, 58, '1314SY032AH8', 1, 1, 2014),
(892, 134, 58, 'HC9KD627686069918', 1, 1, 2015),
(893, 143, 58, '210NDSK40966', 1, 1, 2013),
(894, 144, 57, '144MLM-17', 1, 1, 2013),
(895, 140, 57, '1313SY03GBV8', 1, 1, 2014),
(896, 134, 57, 'HD4MD62768606U828', 1, 1, 2015),
(897, 143, 57, '304NDWEN5697', 1, 1, 2013),
(898, 144, 56, '144MLM-18', 1, 1, 2013),
(899, 140, 56, '1313SY03DEF8', 1, 1, 2014),
(900, 134, 56, 'HC9KD6276886069806', 1, 1, 2015),
(901, 143, 56, '304NDVWN5607', 1, 1, 2013),
(902, 144, 55, '144MLM-19', 1, 1, 2013),
(903, 140, 55, '1313SY03D7X8', 1, 1, 2014),
(904, 134, 55, 'HD49D627686069752', 1, 1, 2015),
(905, 143, 55, '210NDPH40960', 1, 1, 2013),
(906, 144, 54, '144MLM-20', 1, 1, 2013),
(907, 140, 54, '1303SY03ZL48', 1, 1, 2014),
(908, 134, 54, 'HD4ID627686065166', 1, 1, 2015),
(909, 143, 54, '304NDDMN5210', 1, 1, 2013),
(910, 144, 53, '144MLM-21', 1, 1, 2013),
(911, 140, 53, '1313SY01HQK8', 1, 1, 2014),
(912, 134, 53, 'HD4ND627686069352', 1, 1, 2015),
(913, 143, 53, '210NDPH40480', 1, 1, 2013),
(914, 139, 52, '1328HS00KBE8', 1, 1, 2013),
(915, 140, 52, '1313SY03GEE8', 1, 1, 2014),
(916, 143, 52, '209NDGLLR895', 1, 1, 2013),
(917, 144, 51, '144MLM-22', 1, 1, 2013),
(918, 140, 51, '1313SY03HB48', 1, 1, 2014),
(919, 134, 51, 'HC8GD627686064862', 1, 1, 2015),
(920, 143, 51, '210NDRF40502', 1, 1, 2013),
(921, 144, 50, '144MLM-23', 1, 1, 2013),
(922, 140, 50, '1313SY03H4E8', 1, 1, 2014),
(923, 134, 50, 'HD46D627686061840', 1, 1, 2015),
(924, 143, 50, '304NDTCN5521', 1, 1, 2013),
(925, 144, 49, '144MLM-24', 1, 1, 2013),
(926, 140, 49, '1313SY03GEJ8', 1, 1, 2014),
(927, 134, 49, 'HD4JD627686066025', 1, 1, 2015),
(928, 143, 49, '210NDQA40964', 1, 1, 2013),
(933, 139, 104, '1252HS012S78', 1, 1, 2013),
(934, 140, 104, '1321SY03JDR8', 1, 1, 2014),
(935, 146, 104, '109UMYD6G426', 1, 1, 2012),
(936, 147, 105, '0808J06263', 1, 1, 2009),
(937, 140, 105, '140KLK-1333', 1, 1, 2014),
(938, 146, 105, '109INLV41840', 1, 1, 2012),
(939, 148, 106, '148MLM-1', 1, 1, 2010),
(940, 140, 106, '140KLK-1334', 1, 1, 2014),
(941, 146, 106, '109INFK41875', 1, 1, 2012),
(942, 148, 107, '148MLM-2', 1, 1, 2010),
(944, 149, 107, 'XP1051158338', 1, 1, 2010),
(945, 146, 107, '110INFJ0X834', 1, 1, 2012),
(946, 148, 108, '148MLM-3', 1, 1, 2010),
(947, 150, 108, '150KST-1', 1, 1, 2010),
(948, 146, 108, '109INBS6G301', 1, 1, 2012),
(949, 128, 1, '128GAA-1', 1, 1, 2015),
(953, 17, 6, '17LAA-2', 1, 1, 2010),
(954, 17, 7, '17LAA-3', 1, 1, 2010),
(955, 17, 8, '17LAA-4', 1, 1, 2010),
(956, 17, 9, '17LAA-5', 1, 1, 2010),
(957, 139, 76, '139MLM-1329', 1, 1, 2013),
(958, 140, 76, '140KLK-1335', 1, 1, 2014),
(959, 152, 76, 'ETLHZ0C008050024814020', 1, 1, 2011),
(960, 148, 74, 'LZ036HR', 1, 1, 2010),
(961, 140, 74, 'SY127UK', 1, 1, 2014),
(962, 152, 74, 'ETLHZ0C009111061F44032', 1, 1, 2011),
(963, 153, 88, 'ETLTY080031130DBC44201', 1, 1, 2011),
(964, 148, 75, 'LZ121HR', 1, 1, 2010),
(966, 140, 75, 'SY148UK', 1, 1, 2014),
(967, 155, 98, 'BTD52309442', 1, 1, 2012),
(968, 156, 88, '156KLY-1', 1, 1, 2009),
(969, 152, 75, 'ETLHZ0C0080491C8834020', 1, 1, 2011),
(970, 139, 98, '139MLM-1330', 1, 1, 2013),
(971, 139, 88, '0MLM-1331', 1, 1, 2013),
(972, 153, 98, 'ETLTY080031130846E4201', 1, 1, 2011),
(973, 139, 77, 'HS147HB1A23', 1, 1, 2013),
(974, 140, 77, 'SY148UK', 1, 1, 2014),
(975, 153, 97, 'ETLTY080031160804E4201', 1, 1, 2011),
(976, 153, 87, 'ETLTY0800311401A414201', 1, 1, 2011),
(977, 155, 97, 'BTD52401440', 1, 1, 2012),
(978, 152, 77, 'ETLHZ0C00910806E124032', 1, 1, 2011),
(979, 156, 87, '0KLY-2', 1, 1, 2009),
(980, 139, 87, '0MLM-1332', 1, 1, 2013),
(981, 148, 78, 'HS84212', 1, 1, 2010),
(982, 140, 78, '140KLK-1336', 1, 1, 2014),
(983, 157, 97, '157MAO-1', 1, 1, 2012),
(984, 152, 78, 'ETLHZ0C0090467AF614031', 1, 1, 2011),
(985, 153, 86, 'ETLTY080031120EE0D4200', 1, 1, 2011),
(986, 139, 79, 'HS147HB197Q', 1, 1, 2013),
(987, 149, 86, '0KGK-1', 1, 1, 2010),
(988, 153, 96, 'ETLTY080031120F36C4200', 1, 1, 2011),
(989, 158, 79, 'SY646UK', 1, 1, 2012),
(990, 142, 86, '0MLM-1', 1, 1, 2007),
(991, 155, 96, '155KLY-1', 1, 1, 2012),
(992, 139, 96, '139MLM-1333', 1, 1, 2013),
(993, 152, 79, 'ETLHZ0C00911009AEE4032', 1, 1, 2011),
(994, 153, 95, 'ETLTY08003113088604201', 1, 1, 2011),
(995, 152, 85, 'ETLHZ0C009046029744031', 1, 1, 2011),
(996, 155, 95, 'BTD52311446', 1, 1, 2012),
(997, 142, 95, '142MLM-2', 1, 1, 2007),
(998, 153, 94, 'ETLTY08003113087F84201', 1, 1, 2011),
(999, 155, 94, '155LLY-2', 1, 1, 2012),
(1000, 139, 94, '1252HS013RB8', 1, 1, 2013),
(1001, 155, 89, '155SLY-3', 1, 1, 2012),
(1002, 158, 85, '0KLY-1', 1, 1, 2012),
(1003, 139, 85, '139MLM-1334', 1, 1, 2013),
(1004, 148, 89, '148MLM-4', 1, 1, 2010),
(1005, 152, 84, 'ETLHZ0C0080491C8984020', 1, 1, 2011),
(1006, 153, 89, 'ETLTY0800311507FD84201', 1, 1, 2011),
(1007, 148, 90, '148BLM-5', 1, 1, 2010),
(1008, 159, 84, '159KLY-1', 1, 1, 2015),
(1009, 139, 84, '0MLM-1335', 1, 1, 2013),
(1010, 158, 90, '158SLY-2', 1, 1, 2012),
(1011, 153, 90, 'ETLTY08003113086324201', 1, 1, 2011),
(1012, 146, 109, '109INXJ41850', 1, 1, 2012),
(1013, 146, 118, '109INFK41827', 1, 1, 2012),
(1014, 144, 109, 'HCA51200240', 1, 1, 2015),
(1015, 139, 91, '1252HS020EC8', 1, 1, 2013),
(1016, 148, 118, '148MLM-6', 1, 1, 2010),
(1017, 156, 91, '156ULY-3', 1, 1, 2009),
(1018, 140, 109, '-', 1, 1, 2014),
(1019, 159, 118, '0KLY-2', 1, 1, 2015),
(1020, 153, 91, 'ETLTY080031130884D4201', 1, 1, 2011),
(1021, 146, 110, '109INUB41894', 1, 1, 2012),
(1022, 148, 110, '-', 1, 1, 2010),
(1023, 139, 92, '139BLM-1336', 1, 1, 2013),
(1024, 146, 117, '109INDP41842', 1, 1, 2012),
(1025, 140, 110, '-', 1, 1, 2014),
(1026, 155, 92, '155SLY-4', 1, 1, 2012),
(1027, 159, 117, '0KLY-3', 1, 1, 2015),
(1028, 148, 117, '148MLM-7', 1, 1, 2010),
(1029, 146, 111, '109INJL6T364', 1, 1, 2012),
(1030, 153, 92, 'ETLTY08003116081484201', 1, 1, 2011),
(1031, 148, 111, '-', 1, 1, 2010),
(1032, 140, 111, '1235SY01EWA8', 1, 1, 2014),
(1033, 146, 116, '109INPT41784', 1, 1, 2012),
(1034, 159, 116, '159KLY-4', 1, 1, 2015),
(1035, 146, 112, '109INTX41793', 1, 1, 2012),
(1036, 148, 116, '148MLM-8', 1, 1, 2010),
(1037, 153, 93, 'ETLTJ0D003116087BE8500', 1, 1, 2011),
(1038, 139, 112, '-', 1, 1, 2013),
(1039, 140, 112, '-', 1, 1, 2014),
(1040, 155, 93, 'BTD52312498', 1, 1, 2012),
(1041, 146, 115, '109INVM6Q399', 1, 1, 2012),
(1042, 139, 93, '139BLM-1337', 1, 1, 2013),
(1043, 148, 115, '148MLM-9', 1, 1, 2010),
(1044, 146, 113, '109INJL41780', 1, 1, 2012),
(1045, 159, 115, '159KLY-5', 1, 1, 2015),
(1046, 144, 113, '-', 1, 1, 2015),
(1047, 142, 80, 'LZ148HR', 1, 1, 2007),
(1048, 159, 103, '159SLY-6', 1, 1, 2015),
(1049, 149, 113, 'XP1051158340', 1, 1, 2010),
(1050, 148, 103, '148BLM-10', 1, 1, 2010),
(1051, 140, 80, 'SY840UK', 1, 1, 2014),
(1052, 146, 114, '109INHZ41857', 1, 1, 2012),
(1053, 148, 114, '148MLM-11', 1, 1, 2010),
(1054, 159, 114, '159KLY-7', 1, 1, 2015),
(1055, 146, 103, '109INUB41798', 1, 1, 2012),
(1056, 152, 80, 'ETLHZ0C00911213B144031', 1, 1, 2011),
(1057, 146, 123, '109INVM41831', 1, 1, 2012),
(1058, 148, 123, '-', 1, 1, 2010),
(1059, 148, 102, '148BLM-12', 1, 1, 2010),
(1060, 139, 82, 'HS147HB11QE', 1, 1, 2013),
(1061, 140, 123, '-', 1, 1, 2014),
(1062, 146, 119, '109INGQ6Q359', 1, 1, 2012),
(1063, 158, 82, 'SY534UK', 1, 1, 2012),
(1064, 148, 119, '148MLM-13', 1, 1, 2010),
(1065, 140, 102, '1250SY02QQB8', 1, 1, 2014),
(1066, 148, 122, '-', 1, 1, 2010),
(1067, 149, 119, '149KGK-2', 1, 1, 2010),
(1068, 140, 122, '-', 1, 1, 2014),
(1069, 152, 82, 'ETLHZ0C009113076C44032', 1, 1, 2011),
(1070, 146, 102, '109INQU41788', 1, 1, 2012),
(1071, 146, 122, '109INMF41819', 1, 1, 2012),
(1072, 146, 120, '109INSE41814', 1, 1, 2012),
(1073, 159, 120, '159KLY-8', 1, 1, 2015),
(1074, 146, 121, '109INSE6G214', 1, 1, 2012),
(1075, 148, 120, '148MLM-14', 1, 1, 2010),
(1076, 148, 121, '-', 1, 1, 2010),
(1077, 139, 81, 'HS147HB10DB', 1, 1, 2013),
(1078, 139, 101, '1252HS013PJ8', 1, 1, 2013),
(1079, 140, 121, '1235SY01EWG8', 1, 1, 2014),
(1080, 140, 81, 'SY041UI', 1, 1, 2014),
(1081, 140, 101, '140KLK-1337', 1, 1, 2014),
(1082, 160, 81, 'SY041UK', 1, 1, 2014),
(1083, 152, 83, 'ETLHZ0C00904602D5C4031', 1, 1, 2011),
(1084, 146, 99, '109INPT41880', 1, 1, 2012),
(1085, 152, 81, 'ETLHZ0C0091077B4494032', 1, 1, 2011),
(1086, 149, 83, '149KGK-3', 1, 1, 2010),
(1087, 146, 101, '109INLV6G384', 1, 1, 2012),
(1088, 148, 99, '-', 1, 1, 2010),
(1089, 139, 83, '139MLM-1338', 1, 1, 2013),
(1090, 148, 100, '148BLM-15', 1, 1, 2010),
(1091, 160, 99, '1235SY01E4X8', 1, 1, 2014),
(1092, 140, 100, '140KLK-1338', 1, 1, 2014),
(1093, 146, 100, '109INBS41805', 1, 1, 2012),
(1096, 162, 949, '162SAA-1', 4, 1, 2015),
(1101, 18, 6, '18PAA-1', 1, 1, 2012),
(1102, 18, 7, '18PAA-2', 1, 1, 2012),
(1103, 18, 8, '18PAA-3', 1, 1, 2012),
(1105, 18, 9, '18PAA-4', 1, 1, 2012),
(1106, 18, 10, '18PAA-5', 1, 1, 2015),
(1107, 18, 11, '18PAA-6', 1, 1, 2015),
(1108, 17, 11, '17LAA-6', 1, 1, 2010),
(1109, 19, 12, '19LAA-1', 1, 1, 2005),
(1110, 93, 6, '93MAA-1', 1, 1, 2012),
(1111, 119, 7, '119MAA-1', 1, 1, 2012),
(1112, 93, 8, '93MAA-2', 1, 1, 2012),
(1113, 119, 9, '119MAA-2', 1, 1, 2012),
(1115, 152, 1110, 'ETLHZ0C009108072A64032', 1, 1, 2011),
(1116, 139, 1110, '1323HS0317W8', 1, 1, 2014),
(1117, 140, 1110, '1313SY03FW28', 1, 1, 2013),
(1118, 31, 1110, '31PPX-76', 1, 1, 2013),
(1119, 163, 6, '163RSC-1', 1, 1, 2005),
(1120, 164, 6, '164PSP-1', 1, 1, 2005),
(1121, 165, 6, '165VAA-1', 1, 1, 2013),
(1122, 50, 6, '50RS-1', 1, 1, 2005),
(1123, 166, 6, '166MAD-1', 1, 1, 2006),
(1124, 167, 6, '167SSS-1', 1, 1, 2005),
(1125, 167, 6, '167SSS-2', 1, 1, 2005),
(1126, 168, 6, '168PLW-1', 1, 1, 2005),
(1127, 169, 6, '169PAW-1', 1, 1, 2005),
(1128, 170, 1101, '170SKA-1', 1, 1, 2005),
(1129, 170, 1101, '170SKA-2', 1, 1, 2005),
(1130, 170, 1101, '170SKA-3', 1, 1, 2005),
(1131, 170, 1101, '170SKA-4', 1, 1, 2005),
(1132, 170, 1101, '170SKA-5', 1, 1, 2005),
(1133, 170, 1101, '170KKA-6', 2, 1, 2005),
(1134, 170, 1101, '170SKA-7', 1, 1, 2005),
(1135, 170, 1101, '170KKA-8', 1, 1, 2005),
(1136, 171, 6, '171PAW-1', 1, 1, 2005),
(1137, 171, 6, '171PAW-2', 1, 1, 2005),
(1138, 152, 1111, 'ETLRS080020500B2944200', 1, 1, 2009),
(1139, 148, 1111, '148MLM-16', 1, 1, 2005),
(1140, 140, 1111, '140KLK-1339', 1, 1, 2005),
(1141, 31, 1111, '31PPX-77', 1, 1, 2014),
(1142, 172, 7, '172RPM-1', 1, 1, 2005),
(1143, 173, 7, '173PPP-1', 1, 1, 2013),
(1144, 174, 7, '174LAA-1', 1, 1, 2005),
(1145, 174, 7, '174LAA-2', 1, 1, 2005),
(1146, 47, 7, '47LYY-2', 1, 1, 2005),
(1147, 50, 7, '50ERS-2', 1, 1, 2005),
(1148, 175, 7, '50ERS-3', 1, 1, 2005),
(1149, 176, 7, '166MAD-2', 1, 1, 2005),
(1150, 167, 7, '167SSS-3', 1, 1, 2005),
(1151, 177, 7, '177SSE-1', 1, 1, 2008),
(1152, 178, 7, '178VGG-1', 1, 1, 2014),
(1153, 179, 1102, '179UKK-1', 1, 1, 2005),
(1154, 179, 1102, '179UKK-2', 3, 1, 2005),
(1155, 179, 1102, '179UKK-3', 1, 1, 2005),
(1156, 179, 1102, '179UKK-4', 1, 1, 2005),
(1157, 179, 1102, '179UKK-5', 1, 1, 2005),
(1158, 179, 1102, '179UKK-6', 1, 1, 2005),
(1159, 179, 1102, '179UKK-7', 1, 1, 2005),
(1160, 179, 1102, '179UKK-8', 1, 1, 2005),
(1161, 180, 7, '180PAA-1', 1, 1, 2005),
(1175, 180, 6, '180PAA-2', 1, 1, 2005),
(1176, 184, 1175, '184PMC-1', 1, 1, 2005),
(1177, 184, 1175, '184MMC-2', 1, 1, 2005),
(1178, 185, 1175, '185PMC-1', 1, 1, 2005),
(1179, 186, 1175, '186PSC-1', 1, 1, 2005),
(1180, 187, 1175, '187PSC-1', 1, 1, 2005),
(1181, 188, 1175, '188PSC-1', 1, 1, 2005),
(1182, 184, 1161, '184PMC-3', 1, 1, 2005),
(1183, 184, 1161, '184MMC-4', 1, 1, 2005),
(1184, 185, 1161, '185CMC-2', 1, 1, 2005),
(1185, 189, 1161, '189PMC-1', 1, 1, 2005),
(1186, 189, 1161, '189CMC-2', 1, 1, 2005),
(1187, 189, 1161, '189CMC-3', 1, 1, 2005),
(1188, 169, 7, '169PAW-2', 1, 1, 2005),
(1189, 168, 7, '168PLW-2', 1, 1, 2005),
(1190, 171, 7, '171PAW-3', 1, 1, 2005),
(1191, 171, 7, '171PAW-4', 1, 1, 2005),
(1192, 180, 8, '180PAA-3', 1, 1, 2005),
(1193, 169, 8, '169WAW-3', 1, 1, 2005),
(1194, 184, 1192, '184CMC-5', 1, 1, 2005),
(1195, 184, 1192, '184CMC-6', 1, 1, 2005),
(1196, 185, 1192, '185CMC-3', 1, 1, 2005),
(1197, 190, 1192, '190PMC-1', 1, 1, 2005),
(1198, 190, 1192, '190CMC-2', 1, 1, 2005),
(1199, 191, 1192, '191PMC-1', 1, 1, 2005),
(1200, 170, 1103, '170SKA-9', 1, 1, 2005),
(1201, 170, 1103, '170SKA-10', 1, 1, 2005),
(1202, 170, 1103, '170SKA-11', 1, 1, 2005),
(1203, 170, 1103, '170SKA-12', 1, 1, 2005),
(1204, 170, 1103, '170SKA-13', 1, 1, 2005),
(1205, 170, 1103, '170SKA-14', 1, 1, 2005),
(1206, 170, 1103, '170SKA-15', 1, 1, 2005),
(1207, 170, 1103, '170SKA-16', 1, 1, 2005),
(1208, 47, 8, '47LYY-3', 1, 1, 2005),
(1209, 164, 8, '164PSP-2', 1, 1, 2005),
(1210, 163, 8, '163RSC-2', 1, 1, 2005),
(1211, 157, 1112, '157AAO-2', 1, 1, 2005),
(1212, 140, 1112, '140KLK-1340', 1, 1, 2012),
(1213, 192, 1112, '192PSS-1', 3, 1, 2005),
(1214, 152, 1112, 'ETLHZ0C009112142B74031', 1, 1, 2009),
(1215, 193, 8, '6933068935035', 1, 1, 2008),
(1216, 194, 8, 'CN33BT31FZ', 1, 1, 2005),
(1217, 195, 8, 'L08F5148B', 1, 1, 2005),
(1218, 196, 8, '196PSA-1', 1, 1, 2005),
(1219, 139, 1113, '139BLM-1339', 1, 1, 2005),
(1220, 140, 1113, '140KLK-1341', 1, 1, 2012),
(1221, 152, 1113, 'ETLHZ0C008050021B44020', 1, 1, 2009),
(1222, 192, 1113, '192PSS-2', 3, 1, 2005),
(1223, 171, 9, '171PAW-5', 1, 1, 2005),
(1224, 171, 8, '171PAW-6', 1, 1, 2005),
(1225, 171, 8, '171PAW-7', 1, 1, 2005),
(1226, 178, 9, '178VGG-2', 1, 1, 2012),
(1227, 169, 9, '169PAW-4', 1, 1, 2005),
(1228, 168, 9, '168PLW-3', 1, 1, 2005),
(1229, 195, 9, 'L08J5148B', 1, 1, 2005),
(1230, 197, 9, 'F37O79A002549', 1, 1, 2010),
(1231, 197, 9, 'F37O79A002541', 1, 1, 2010),
(1232, 170, 1105, '170SKA-17', 1, 1, 2005),
(1233, 170, 1105, '170KKA-18', 1, 1, 2005),
(1234, 170, 1105, '170SKA-19', 1, 1, 2005),
(1235, 198, 1105, '198SMA-1', 1, 1, 2005),
(1236, 198, 1105, '198MMA-2', 1, 1, 2005),
(1237, 198, 1105, '198MMA-3', 1, 1, 2005),
(1238, 198, 1105, '198MMA-4', 1, 1, 2005),
(1239, 47, 9, '47LYY-4', 1, 1, 2005),
(1240, 180, 9, '180PAA-4', 1, 1, 2005),
(1241, 186, 1240, '186SSC-2', 1, 1, 2005),
(1242, 186, 1240, '186CSC-3', 1, 1, 2005),
(1243, 199, 1240, '199PSC-1', 1, 1, 2005),
(1244, 199, 1240, '199SSC-2', 1, 1, 2005),
(1245, 199, 1240, '199SSC-3', 1, 1, 2005),
(1246, 200, 1240, '200PSC-1', 1, 1, 2005),
(1247, 173, 9, '173PPP-2', 1, 1, 2013),
(1248, 172, 9, '172RPM-2', 1, 1, 2013),
(1249, 50, 8, '50ERS-3', 1, 1, 2005),
(1250, 93, 12, '93MAA-3', 1, 1, 2005),
(1251, 192, 44, '192PSS-3', 3, 1, 2005),
(1252, 192, 45, '192PSS-4', 3, 1, 2005),
(1253, 141, 45, '403INFK0Z563', 1, 1, 2014),
(1254, 134, 45, 'EF2HN629923040727', 1, 1, 2014),
(1255, 134, 52, '134ALL-2', 3, 3, 2014),
(1257, 202, 1, 'SMK12', 1, 1, 2016),
(1258, 203, 202, '9555222605089', 1, 1, 2016),
(1259, 204, 202, '8992222051392', 1, 1, 2016),
(1260, 205, 202, '8992222053006', 1, 1, 2016),
(1261, 206, 202, '089686041705', 1, 1, 2016),
(1262, 207, 203, '8992772195089', 1, 1, 2016);

-- --------------------------------------------------------

--
-- Table structure for table `invent_sub_stuff_log_spec`
--

CREATE TABLE IF NOT EXISTS `invent_sub_stuff_log_spec` (
  `log_spec_id` int(11) NOT NULL AUTO_INCREMENT,
  `sub_stuff_id` int(11) NOT NULL,
  `log_spec_date` date NOT NULL,
  `log_spec_table` varchar(15) DEFAULT NULL,
  `log_spec_processor` varchar(255) DEFAULT NULL,
  `log_spec_ram` varchar(255) DEFAULT NULL,
  `log_spec_harddisk` varchar(255) DEFAULT NULL,
  `log_spec_operating_system` varchar(255) DEFAULT NULL,
  `log_spec_computer_name` varchar(50) DEFAULT NULL,
  `log_spec_ip_address` varchar(50) DEFAULT NULL,
  `log_spec_vga_card` tinyint(1) DEFAULT NULL,
  `log_spec_lan_card` tinyint(1) DEFAULT NULL,
  `log_spec_dvdrom` varchar(255) DEFAULT NULL,
  `log_spec_monitor` varchar(255) DEFAULT NULL,
  `log_spec_keyboard` varchar(255) DEFAULT NULL,
  `log_spec_mouse` varchar(255) DEFAULT NULL,
  PRIMARY KEY (`log_spec_id`)
) ENGINE=InnoDB  DEFAULT CHARSET=latin1 AUTO_INCREMENT=230 ;

--
-- Dumping data for table `invent_sub_stuff_log_spec`
--

INSERT INTO `invent_sub_stuff_log_spec` (`log_spec_id`, `sub_stuff_id`, `log_spec_date`, `log_spec_table`, `log_spec_processor`, `log_spec_ram`, `log_spec_harddisk`, `log_spec_operating_system`, `log_spec_computer_name`, `log_spec_ip_address`, `log_spec_vga_card`, `log_spec_lan_card`, `log_spec_dvdrom`, `log_spec_monitor`, `log_spec_keyboard`, `log_spec_mouse`) VALUES
(28, 365, '2015-12-22', 'B01', 'Intel(R) Core(TM) i5-3470 CPU @ 3.20GHz (4 CPUs), ~3.2GHz', '4 GB DDR 3', '500 GB', 'Windows 10 Enterprise 64-bit', 'SI-1', '192.168.14.11', 0, 0, 'LG M.DISC Super Multi', 'LG FLATRON E1951T - BN', 'Logitech', 'Logitech'),
(29, 366, '2015-12-22', 'B02', 'Intel(R) Core(TM) i5-3470 CPU @ 3.20GHz (4 CPUs), ~3.2GHz', '4 GB DDR 3', '500 GB', 'Windows 10 Enterprise 64-bit', 'SI-2', '192.168.14.11', 0, 0, 'LG M.DISC Super Multi', 'LG FLATRON E1951T - BN', 'Logitech', 'Logitech'),
(30, 367, '2015-12-22', 'B03', 'Intel(R) Core(TM) i5-3470 CPU @ 3.20GHz (4 CPUs), ~3.2GHz', '4 GB DDR 3', '500 GB', 'Windows 10 Enterprise 64-bit', 'SI-3', '192.168.14.11', 0, 0, 'LG M.DISC Super Multi', 'LG FLATRON E1951T - BN', 'Logitech', 'Logitech'),
(31, 368, '2015-12-22', 'B04', 'Intel(R) Core(TM) i5-3470 CPU @ 3.20GHz (4 CPUs), ~3.2GHz', '4 GB DDR 3', '500 GB', 'Windows 10 Enterprise 64-bit', 'SI-4', '192.168.14.11', 0, 0, 'LG M.DISC Super Multi', 'LG FLATRON E1951T - BN', 'Logitech', 'Logitech'),
(32, 369, '2015-12-22', 'B05', 'Intel(R) Core(TM) i5-3470 CPU @ 3.20GHz (4 CPUs), ~3.2GHz', '4 GB DDR 3', '500 GB', 'Windows 10 Enterprise 64-bit', 'SI-5', '192.168.14.11', 0, 0, 'LG M.DISC Super Multi', 'LG FLATRON E1951T - BN', 'Logitech', 'Logitech'),
(33, 370, '2015-12-22', 'B06', 'Intel(R) Core(TM) i5-3470 CPU @ 3.20GHz (4 CPUs), ~3.2GHz', '4 GB DDR 3', '500 GB', 'Windows 10 Enterprise 64-bit', 'SI-6', '192.168.14.11', 0, 0, 'LG M.DISC Super Multi', 'LG FLATRON E1951T - BN', 'Logitech', 'Logitech'),
(34, 371, '2015-12-22', 'B07', 'Intel(R) Core(TM) i5-3470 CPU @ 3.20GHz (4 CPUs), ~3.2GHz', '4 GB DDR 3', '500 GB', 'Windows 10 Enterprise 64-bit', 'SI-7', '192.168.14.11', 0, 0, 'LG M.DISC Super Multi', 'LG FLATRON E1951T - BN', 'Logitech', 'Logitech'),
(35, 372, '2015-12-22', 'B08', 'Intel(R) Core(TM) i5-3470 CPU @ 3.20GHz (4 CPUs), ~3.2GHz', '4 GB DDR 3', '500 GB', 'Windows 10 Enterprise 64-bit', 'SI-8', '192.168.14.11', 0, 0, 'LG M.DISC Super Multi', 'LG FLATRON E1951T - BN', 'Logitech', 'Logitech'),
(36, 373, '2015-12-22', 'B09', 'Intel(R) Core(TM) i5-3470 CPU @ 3.20GHz (4 CPUs), ~3.2GHz', '4 GB DDR 3', '500 GB', 'Windows 10 Enterprise 64-bit', 'SI-9', '192.168.14.11', 0, 0, 'LG M.DISC Super Multi', 'LG FLATRON E1951T - BN', 'Logitech', 'Logitech'),
(37, 374, '2015-12-22', 'B10', 'Intel(R) Core(TM) i5-3470 CPU @ 3.20GHz (4 CPUs), ~3.2GHz', '4 GB DDR 3', '500 GB', 'Windows 10 Enterprise 64-bit', 'SI-10', '192.168.14.11', 0, 0, 'LG M.DISC Super Multi', 'LG FLATRON E1951T - BN', 'Logitech', 'Logitech'),
(38, 375, '2015-12-22', 'B11', 'Intel(R) Core(TM) i5-3470 CPU @ 3.20GHz (4 CPUs), ~3.2GHz', '4 GB DDR 3', '500 GB', 'Windows 10 Enterprise 64-bit', 'SI-11', '192.168.14.11', 0, 0, 'LG M.DISC Super Multi', 'LG FLATRON E1951T - BN', 'Logitech', 'Logitech'),
(39, 376, '2015-12-22', 'B12', 'Intel(R) Core(TM) i5-3470 CPU @ 3.20GHz (4 CPUs), ~3.2GHz', '4 GB DDR 3', '500 GB', 'Windows 10 Enterprise 64-bit', 'SI-12', '192.168.14.11', 0, 0, 'LG M.DISC Super Multi', 'LG FLATRON E1951T - BN', 'Logitech', 'Logitech'),
(40, 377, '2015-12-22', 'B13', 'Intel(R) Core(TM) i5-3470 CPU @ 3.20GHz (4 CPUs), ~3.2GHz', '4 GB DDR 3', '500 GB', 'Windows 10 Enterprise 64-bit', 'SI-13', '192.168.14.11', 0, 0, 'LG M.DISC Super Multi', 'LG FLATRON E1951T - BN', 'Logitech', 'Logitech'),
(41, 378, '2015-12-22', 'B14', 'Intel(R) Core(TM) i5-3470 CPU @ 3.20GHz (4 CPUs), ~3.2GHz', '4 GB DDR 3', '500 GB', 'Windows 10 Enterprise 64-bit', 'SI-14', '192.168.14.11', 0, 0, 'LG M.DISC Super Multi', 'LG FLATRON E1951T - BN', 'Logitech', 'Logitech'),
(42, 379, '2015-12-22', 'B15', 'Intel(R) Core(TM) i5-3470 CPU @ 3.20GHz (4 CPUs), ~3.2GHz', '4 GB DDR 3', '500 GB', 'Windows 10 Enterprise 64-bit', 'SI-15', '192.168.14.11', 0, 0, 'LG M.DISC Super Multi', 'LG FLATRON E1951T - BN', 'Logitech', 'Logitech'),
(43, 380, '2015-12-22', 'B16', 'Intel(R) Core(TM) i5-3470 CPU @ 3.20GHz (4 CPUs), ~3.2GHz', '4 GB DDR 3', '500 GB', 'Windows 10 Enterprise 64-bit', 'SI-16', '192.168.14.11', 0, 0, 'LG M.DISC Super Multi', 'LG FLATRON E1951T - BN', 'Logitech', 'Logitech'),
(44, 381, '2015-12-22', 'B17', 'Intel(R) Core(TM) i5-3470 CPU @ 3.20GHz (4 CPUs), ~3.2GHz', '4 GB DDR 3', '500 GB', 'Windows 10 Enterprise 64-bit', 'SI-17', '192.168.14.11', 0, 0, 'LG M.DISC Super Multi', 'LG FLATRON E1951T - BN', 'Logitech', 'Logitech'),
(45, 382, '2015-12-22', 'B18', 'Intel(R) Core(TM) i5-3470 CPU @ 3.20GHz (4 CPUs), ~3.2GHz', '4 GB DDR 3', '500 GB', 'Windows 10 Enterprise 64-bit', 'SI-18', '192.168.14.11', 0, 0, 'LG M.DISC Super Multi', 'LG FLATRON E1951T - BN', 'Logitech', 'Logitech'),
(46, 383, '2015-12-22', 'B19', 'Intel(R) Core(TM) i5-3470 CPU @ 3.20GHz (4 CPUs), ~3.2GHz', '4 GB DDR 3', '500 GB', 'Windows 10 Enterprise 64-bit', 'SI-19', '192.168.14.11', 0, 0, 'LG M.DISC Super Multi', 'LG FLATRON E1951T - BN', 'Logitech', 'Logitech'),
(47, 384, '2015-12-22', 'B20', 'Intel(R) Core(TM) i5-3470 CPU @ 3.20GHz (4 CPUs), ~3.2GHz', '4 GB DDR 3', '500 GB', 'Windows 10 Enterprise 64-bit', 'SI-20', '192.168.14.11', 0, 0, 'LG M.DISC Super Multi', 'LG FLATRON E1951T - BN', 'Logitech', 'Logitech'),
(48, 385, '2015-12-22', 'B21', 'Intel(R) Core(TM) i5-3470 CPU @ 3.20GHz (4 CPUs), ~3.2GHz', '4 GB DDR 3', '500 GB', 'Windows 10 Enterprise 64-bit', 'SI-21', '192.168.14.11', 0, 0, 'LG M.DISC Super Multi', 'LG FLATRON E1951T - BN', 'Logitech', 'Logitech'),
(49, 386, '2015-12-22', 'B22', 'Intel(R) Core(TM) i5-3470 CPU @ 3.20GHz (4 CPUs), ~3.2GHz', '4 GB DDR 3', '500 GB', 'Windows 10 Enterprise 64-bit', 'SI-22', '192.168.14.11', 0, 0, 'LG M.DISC Super Multi', 'LG FLATRON E1951T - BN', 'Logitech', 'Logitech'),
(50, 387, '2015-12-22', 'B23', 'Intel(R) Core(TM) i5-3470 CPU @ 3.20GHz (4 CPUs), ~3.2GHz', '4 GB DDR 3', '500 GB', 'Windows 10 Enterprise 64-bit', 'SI-23', '192.168.14.11', 0, 0, 'LG M.DISC Super Multi', 'LG FLATRON E1951T - BN', 'Logitech', 'Logitech'),
(51, 388, '2015-12-22', 'B24', 'Intel(R) Core(TM) i5-3470 CPU @ 3.20GHz (4 CPUs), ~3.2GHz', '4 GB DDR 3', '500 GB', 'Windows 10 Enterprise 64-bit', 'SI-24', '192.168.14.11', 0, 0, 'LG M.DISC Super Multi', 'LG FLATRON E1951T - BN', 'Logitech', 'Logitech'),
(52, 389, '2015-12-22', 'B25', 'Intel(R) Core(TM) i5-3470 CPU @ 3.20GHz (4 CPUs), ~3.2GHz', '4 GB DDR 3', '500 GB', 'Windows 10 Enterprise 64-bit', 'SI-25', '192.168.14.11', 0, 0, 'LG M.DISC Super Multi', 'LG FLATRON E1951T - BN', 'Logitech', 'Logitech'),
(53, 390, '2015-12-22', 'B Dosen', 'Intel(R) Core(TM) i5-3470 CPU @ 3.20GHz (4 CPUs), ~3.2GHz', '4 GB DDR 3', '500 GB', 'Windows 10 Enterprise 64-bit', 'SI-Dosen', '10.10.30.75', 0, 0, 'LG M.DISC Super Multi', 'LG FLATRON E1951T - BN', 'Logitech', 'Logitech'),
(54, 390, '2015-12-22', 'RTC Dosen', 'Intel(R) Core(TM) i5-3470 CPU @ 3.20GHz (4 CPUs), ~3.2GHz', '4 GB DDR 3', '500 GB', 'Windows 10 Enterprise 64-bit', 'RTC-PC', '10.10.30.75', 0, 0, '', 'LG FLATRON E1951T - BN', 'Logitech', 'Logitech'),
(55, 416, '2015-12-22', 'A01', 'Intel(R) Core(TM) i3-3240 CPU @ 3.40GHz (4 CPUs), ~3.4GHz', '4 GB DDR 3', '1 TB', 'Windows 10 Enterprise 64-bit', 'JARKOM-1', '', 0, 0, 'LG M.DISC Super Multi', 'LG 19M35A - B', 'Logitech', 'Logitech'),
(56, 417, '2015-12-22', 'A02', 'Intel(R) Core(TM) i3-3240 CPU @ 3.40GHz (4 CPUs), ~3.4GHz', '4 GB DDR 3', '1 TB', 'Windows 10 Enterprise 64-bit', 'JARKOM-2', '', 0, 0, 'LG M.DISC Super Multi', 'LG 19M35A - B', 'Logitech', 'Logitech'),
(57, 418, '2015-12-22', 'A03', 'Intel(R) Core(TM) i3-3240 CPU @ 3.40GHz (4 CPUs), ~3.4GHz', '4 GB DDR 3', '1 TB', 'Windows 10 Enterprise 64-bit', 'JARKOM-3', '', 0, 0, 'LG M.DISC Super Multi', 'LG 19M35A - B', 'Logitech', 'Logitech'),
(58, 419, '2015-12-22', 'A04', 'Intel(R) Core(TM) i3-3240 CPU @ 3.40GHz (4 CPUs), ~3.4GHz', '4 GB DDR 3', '1 TB', 'Windows 10 Enterprise 64-bit', 'JARKOM-4', '', 0, 0, 'LG M.DISC Super Multi', 'LG 19M35A - B', 'Logitech', 'Logitech'),
(59, 420, '2015-12-22', 'A05', 'Intel(R) Core(TM) i3-3240 CPU @ 3.40GHz (4 CPUs), ~3.4GHz', '4 GB DDR 3', '1 TB', 'Windows 10 Enterprise 64-bit', 'JARKOM-5', '', 0, 0, 'LG M.DISC Super Multi', 'LG 19M35A - B', 'Logitech', 'Logitech'),
(60, 421, '2015-12-22', 'A06', 'Intel(R) Core(TM) i3-3240 CPU @ 3.40GHz (4 CPUs), ~3.4GHz', '4 GB DDR 3', '1 TB', 'Windows 10 Enterprise 64-bit', 'JARKOM-6', '', 0, 0, 'LG M.DISC Super Multi', 'LG 19M35A - B', 'Logitech', 'Logitech'),
(61, 422, '2015-12-22', 'A07', 'Intel(R) Core(TM) i3-3240 CPU @ 3.40GHz (4 CPUs), ~3.4GHz', '4 GB DDR 3', '1 TB', 'Windows 10 Enterprise 64-bit', 'JARKOM-7', '', 0, 0, 'LG M.DISC Super Multi', 'LG 19M35A - B', 'Logitech', 'Logitech'),
(62, 423, '2015-12-22', 'A08', 'Intel(R) Core(TM) i3-3240 CPU @ 3.40GHz (4 CPUs), ~3.4GHz', '4 GB DDR 3', '1 TB', 'Windows 10 Enterprise 64-bit', 'JARKOM-8', '', 0, 0, 'LG M.DISC Super Multi', 'LG 19M35A - B', 'Logitech', 'Logitech'),
(63, 424, '2015-12-22', 'A09', 'Intel(R) Core(TM) i3-3240 CPU @ 3.40GHz (4 CPUs), ~3.4GHz', '4 GB DDR 3', '1 TB', 'Windows 10 Enterprise 64-bit', 'JARKOM-9', '', 0, 0, 'LG M.DISC Super Multi', 'LG 19M35A - B', 'Logitech', 'Logitech'),
(64, 425, '2015-12-22', 'A10', 'Intel(R) Core(TM) i3-3240 CPU @ 3.40GHz (4 CPUs), ~3.4GHz', '4 GB DDR 3', '1 TB', 'Windows 10 Enterprise 64-bit', 'JARKOM-10', '', 0, 0, 'LG M.DISC Super Multi', 'LG 19M35A - B', 'Logitech', 'Logitech'),
(65, 426, '2015-12-22', 'A11', 'Intel(R) Core(TM) i3-3240 CPU @ 3.40GHz (4 CPUs), ~3.4GHz', '4 GB DDR 3', '1 TB', 'Windows 10 Enterprise 64-bit', 'JARKOM-11', '', 0, 0, 'LG M.DISC Super Multi', 'LG 19M35A - B', 'Logitech', 'Logitech'),
(66, 427, '2015-12-22', 'A12', 'Intel(R) Core(TM) i3-3240 CPU @ 3.40GHz (4 CPUs), ~3.4GHz', '4 GB DDR 3', '1 TB', 'Windows 10 Enterprise 64-bit', 'JARKOM-12', '', 0, 0, 'LG M.DISC Super Multi', 'LG 19M35A - B', 'Logitech', 'Logitech'),
(67, 428, '2015-12-22', 'A13', 'Intel(R) Core(TM) i3-3240 CPU @ 3.40GHz (4 CPUs), ~3.4GHz', '4 GB DDR 3', '1 TB', 'Windows 10 Enterprise 64-bit', 'JARKOM-13', '', 0, 0, 'LG M.DISC Super Multi', 'LG 19M35A - B', 'Logitech', 'Logitech'),
(68, 429, '2015-12-22', 'A14', 'Intel(R) Core(TM) i3-3240 CPU @ 3.40GHz (4 CPUs), ~3.4GHz', '4 GB DDR 3', '1 TB', 'Windows 10 Enterprise 64-bit', 'JARKOM-14', '', 0, 0, 'LG M.DISC Super Multi', 'LG 19M35A - B', 'Logitech', 'Logitech'),
(69, 430, '2015-12-22', 'A15', 'Intel(R) Core(TM) i3-3240 CPU @ 3.40GHz (4 CPUs), ~3.4GHz', '4 GB DDR 3', '1 TB', 'Windows 10 Enterprise 64-bit', 'JARKOM-15', '', 0, 0, 'LG M.DISC Super Multi', 'LG 19M35A - B', 'Logitech', 'Logitech'),
(70, 431, '2015-12-22', 'A16', 'Intel(R) Core(TM) i3-3240 CPU @ 3.40GHz (4 CPUs), ~3.4GHz', '4 GB DDR 3', '1 TB', 'Windows 10 Enterprise 64-bit', 'JARKOM-16', '', 0, 0, 'LG M.DISC Super Multi', 'LG 19M35A - B', 'Logitech', 'Logitech'),
(71, 432, '2015-12-22', 'A17', 'Intel(R) Core(TM) i3-3240 CPU @ 3.40GHz (4 CPUs), ~3.4GHz', '4 GB DDR 3', '1 TB', 'Windows 10 Enterprise 64-bit', 'JARKOM-17', '', 0, 0, 'LG M.DISC Super Multi', 'LG 19M35A - B', 'Logitech', 'Logitech'),
(72, 433, '2015-12-22', 'A18', 'Intel(R) Core(TM) i3-3240 CPU @ 3.40GHz (4 CPUs), ~3.4GHz', '4 GB DDR 3', '1 TB', 'Windows 10 Enterprise 64-bit', 'JARKOM-18', '', 0, 0, 'LG M.DISC Super Multi', 'LG 19M35A - B', 'Logitech', 'Logitech'),
(73, 434, '2015-12-22', 'A19', 'Intel(R) Core(TM) i3-3240 CPU @ 3.40GHz (4 CPUs), ~3.4GHz', '4 GB DDR 3', '1 TB', 'Windows 10 Enterprise 64-bit', 'JARKOM-19', '', 0, 0, 'LG M.DISC Super Multi', 'LG 19M35A - B', 'Logitech', 'Logitech'),
(74, 435, '2015-12-22', 'A20', 'Intel(R) Core(TM) i3-3240 CPU @ 3.40GHz (4 CPUs), ~3.4GHz', '4 GB DDR 3', '1 TB', 'Windows 10 Enterprise 64-bit', 'JARKOM-20', '', 0, 0, 'LG M.DISC Super Multi', 'LG 19M35A - B', 'Logitech', 'Logitech'),
(75, 436, '2015-12-22', 'A21', 'Intel(R) Core(TM) i3-3240 CPU @ 3.40GHz (4 CPUs), ~3.4GHz', '4 GB DDR 3', '1 TB', 'Windows 10 Enterprise 64-bit', 'JARKOM-21', '', 0, 0, 'LG M.DISC Super Multi', 'LG 19M35A - B', 'Logitech', 'Logitech'),
(76, 437, '2015-12-22', 'A22', 'Intel(R) Core(TM) i3-3240 CPU @ 3.40GHz (4 CPUs), ~3.4GHz', '4 GB DDR 3', '1 TB', 'Windows 10 Enterprise 64-bit', 'JARKOM-22', '', 0, 0, 'LG M.DISC Super Multi', 'LG 19M35A - B', 'Logitech', 'Logitech'),
(77, 438, '2015-12-22', 'A23', 'Intel(R) Core(TM) i3-3240 CPU @ 3.40GHz (4 CPUs), ~3.4GHz', '4 GB DDR 3', '1 TB', 'Windows 10 Enterprise 64-bit', 'JARKOM-23', '', 0, 0, 'LG M.DISC Super Multi', 'LG 19M35A - B', 'Logitech', 'Logitech'),
(78, 439, '2015-12-22', 'A24', 'Intel(R) Core(TM) i3-3240 CPU @ 3.40GHz (4 CPUs), ~3.4GHz', '4 GB DDR 3', '1 TB', 'Windows 10 Enterprise 64-bit', 'JARKOM-24', '', 0, 0, 'LG M.DISC Super Multi', 'LG 19M35A - B', 'Logitech', 'Logitech'),
(79, 440, '2015-12-22', 'A25', 'Intel(R) Core(TM) i3-3240 CPU @ 3.40GHz (4 CPUs), ~3.4GHz', '4 GB DDR 3', '1 TB', 'Windows 10 Enterprise 64-bit', 'JARKOM-25', '', 0, 0, 'LG M.DISC Super Multi', 'LG 19M35A - B', 'Logitech', 'Logitech'),
(80, 436, '2015-12-23', 'A Dosen', 'Intel(R) Core(TM) i3-3240 CPU @ 3.40GHz (4 CPUs), ~3.4GHz', '4 GB DDR 3', '1 TB', 'Windows 10 Enterprise 64-bit', 'JARKOM-Dosen', '', 0, 0, 'LG M.DISC Super Multi', 'LG 19M35A - B', 'Logitech', 'Logitech'),
(81, 437, '2015-12-23', 'B Dosen', 'Intel(R) Core(TM) i3-3240 CPU @ 3.40GHz (4 CPUs), ~3.4GHz', '4 GB DDR 3', '1 TB', 'Windows 10 Enterprise 64-bit', 'SI-Dosen', '', 0, 0, 'LG M.DISC Super Multi', 'LG 19M35A - B', 'Logitech', 'Logitech'),
(82, 463, '2015-12-28', 'A-01', 'Intel(R) Core(TM) i3-2100 CPU @ 3.10GHz (4 CPUs), ~3.1GHz', '4 GB DDR 3', '500 GB', 'Windows 8.1 Pro 64-bit', 'DAMG-1', '', 0, 0, '', 'Acer P166HQL', 'Logitech', 'Logitech'),
(83, 464, '2015-12-28', 'A-02', 'Intel(R) Core(TM) i3-2100 CPU @ 3.10GHz (4 CPUs), ~3.1GHz', '4 GB DDR 3', '500 GB', 'Windows 8.1 Pro 64-bit', 'DAMG-2', '', 0, 0, '', 'Acer P166HQL', 'Logitech', 'Logitech'),
(84, 465, '2015-12-28', 'A-03', 'Intel(R) Core(TM) i3-2100 CPU @ 3.10GHz (4 CPUs), ~3.1GHz', '4 GB DDR 3', '500 GB', 'Windows 8.1 Pro 64-bit', 'DAMG-3', '', 0, 0, '', 'Acer P166HQL', 'Logitech', 'Logitech'),
(85, 466, '2015-12-28', 'A-04', 'Intel(R) Core(TM) i3-2100 CPU @ 3.10GHz (4 CPUs), ~3.1GHz', '4 GB DDR 3', '500 GB', 'Windows 8.1 Pro 64-bit', 'DAMG-4', '', 0, 0, '', 'Acer P166HQL', 'Logitech', 'Logitech'),
(86, 467, '2015-12-28', 'A-05', 'Intel(R) Core(TM) i3-2100 CPU @ 3.10GHz (4 CPUs), ~3.1GHz', '4 GB DDR 3', '500 GB', 'Windows 8.1 Pro 64-bit', 'DAMG-5', '', 0, 0, '', 'Acer P166HQL', 'Logitech', 'Logitech'),
(87, 468, '2015-12-28', 'A-06', 'Intel(R) Core(TM) i3-2100 CPU @ 3.10GHz (4 CPUs), ~3.1GHz', '4 GB DDR 3', '500 GB', 'Windows 8.1 Pro 64-bit', 'DAMG-6', '', 0, 0, '', 'Acer P166HQL', 'Logitech', 'Logitech'),
(88, 469, '2015-12-28', 'A-07', 'Intel(R) Core(TM) i3-2100 CPU @ 3.10GHz (4 CPUs), ~3.1GHz', '4 GB DDR 3', '500 GB', 'Windows 8.1 Pro 64-bit', 'DAMG-7', '', 0, 0, '', 'Acer P166HQL', 'Logitech', 'Logitech'),
(89, 470, '2015-12-28', 'A-08', 'Intel(R) Core(TM) i3-2100 CPU @ 3.10GHz (4 CPUs), ~3.1GHz', '4 GB DDR 3', '500 GB', 'Windows 8.1 Pro 64-bit', 'DAMG-8', '', 0, 0, '', 'Acer P166HQL', 'Logitech', 'Logitech'),
(90, 471, '2015-12-28', 'A-09', 'Intel(R) Core(TM) i3-2100 CPU @ 3.10GHz (4 CPUs), ~3.1GHz', '4 GB DDR 3', '500 GB', 'Windows 8.1 Pro 64-bit', 'DAMG-9', '', 0, 0, '', 'Acer P166HQL', 'Logitech', 'Logitech'),
(91, 472, '2015-12-28', 'A-10', 'Intel(R) Core(TM) i3-2100 CPU @ 3.10GHz (4 CPUs), ~3.1GHz', '4 GB DDR 3', '500 GB', 'Windows 8.1 Pro 64-bit', 'DAMG-10', '', 0, 0, '', 'Acer P166HQL', 'Logitech', 'Logitech'),
(92, 473, '2015-12-28', 'A-11', 'Intel(R) Core(TM) i3-2100 CPU @ 3.10GHz (4 CPUs), ~3.1GHz', '4 GB DDR 3', '500 GB', 'Windows 8.1 Pro 64-bit', 'DAMG-11', '', 0, 0, '', 'Acer P166HQL', 'Logitech', 'Logitech'),
(93, 474, '2015-12-28', 'A-12', 'Intel(R) Core(TM) i3-2100 CPU @ 3.10GHz (4 CPUs), ~3.1GHz', '4 GB DDR 3', '500 GB', 'Windows 8.1 Pro 64-bit', 'DAMG-12', '', 0, 0, '', 'Acer P166HQL', 'Logitech', 'Logitech'),
(94, 475, '2015-12-28', 'A-13', 'Intel(R) Core(TM) i3-2100 CPU @ 3.10GHz (4 CPUs), ~3.1GHz', '4 GB DDR 3', '500 GB', 'Windows 8.1 Pro 64-bit', 'DAMG-13', '', 0, 0, '', 'Acer P166HQL', 'Logitech', 'Logitech'),
(95, 476, '2015-12-28', 'A-14', 'Intel(R) Core(TM) i3-2100 CPU @ 3.10GHz (4 CPUs), ~3.1GHz', '4 GB DDR 3', '500 GB', 'Windows 8.1 Pro 64-bit', 'DAMG-14', '', 0, 0, '', 'Acer P166HQL', 'Logitech', 'Logitech'),
(96, 477, '2015-12-28', 'A-15', 'Intel(R) Core(TM) i3-2100 CPU @ 3.10GHz (4 CPUs), ~3.1GHz', '4 GB DDR 3', '500 GB', 'Windows 8.1 Pro 64-bit', 'DAMG-15', '', 0, 0, '', 'Acer P166HQL', 'Logitech', 'Logitech'),
(97, 478, '2015-12-28', 'A-16', 'Intel(R) Core(TM) i3-2100 CPU @ 3.10GHz (4 CPUs), ~3.1GHz', '4 GB DDR 3', '500 GB', 'Windows 8.1 Pro 64-bit', 'DAMG-16', '', 0, 0, '', 'Acer P166HQL', 'Logitech', 'Logitech'),
(98, 479, '2015-12-28', 'A-17', 'Intel(R) Core(TM) i3-2100 CPU @ 3.10GHz (4 CPUs), ~3.1GHz', '4 GB DDR 3', '500 GB', 'Windows 8.1 Pro 64-bit', 'DAMG-17', '', 0, 0, '', 'Acer P166HQL', 'Logitech', 'Logitech'),
(99, 480, '2015-12-28', 'A-18', 'Intel(R) Core(TM) i3-2100 CPU @ 3.10GHz (4 CPUs), ~3.1GHz', '4 GB DDR 3', '500 GB', 'Windows 8.1 Pro 64-bit', 'DAMG-18', '', 0, 0, '', 'Acer P166HQL', 'Logitech', 'Logitech'),
(100, 481, '2015-12-28', 'A-19', 'Intel(R) Core(TM) i3-2100 CPU @ 3.10GHz (4 CPUs), ~3.1GHz', '4 GB DDR 3', '500 GB', 'Windows 8.1 Pro 64-bit', 'DAMG-19', '', 0, 0, '', 'Acer P166HQL', 'Logitech', 'Logitech'),
(101, 482, '2015-12-28', 'A-20', 'Intel(R) Core(TM) i3-2100 CPU @ 3.10GHz (4 CPUs), ~3.1GHz', '4 GB DDR 3', '500 GB', 'Windows 8.1 Pro 64-bit', 'DAMG-20', '', 0, 0, '', 'Acer P166HQL', 'Logitech', 'Logitech'),
(102, 481, '2015-12-28', 'A-21', 'Intel(R) Core(TM) i3-2100 CPU @ 3.10GHz (4 CPUs), ~3.1GHz', '4 GB DDR 3', '500 GB', 'Windows 8.1 Pro 64-bit', 'DAMG-21', '', 0, 0, '', 'Acer P166HQL', 'Logitech', 'Logitech'),
(103, 483, '2015-12-28', 'A-21', 'Intel(R) Core(TM) i3-2100 CPU @ 3.10GHz (4 CPUs), ~3.1GHz', '4 GB DDR 3', '500 GB', 'Windows 8.1 Pro 64-bit', 'DAMG-21', '', 0, 0, '', 'Acer P166HQL', 'Logitech', 'Logitech'),
(104, 484, '2015-12-28', 'A-22', 'Intel(R) Core(TM) i3-2100 CPU @ 3.10GHz (4 CPUs), ~3.1GHz', '4 GB DDR 3', '500 GB', 'Windows 8.1 Pro 64-bit', 'DAMG-22', '', 0, 0, '', 'Acer P166HQL', 'Logitech', 'Logitech'),
(105, 485, '2015-12-28', 'A-23', 'Intel(R) Core(TM) i3-2100 CPU @ 3.10GHz (4 CPUs), ~3.1GHz', '4 GB DDR 3', '500 GB', 'Windows 8.1 Pro 64-bit', 'DAMG-23', '', 0, 0, '', 'Acer P166HQL', 'Logitech', 'Logitech'),
(106, 486, '2015-12-28', 'A-24', 'Intel(R) Core(TM) i3-2100 CPU @ 3.10GHz (4 CPUs), ~3.1GHz', '4 GB DDR 3', '500 GB', 'Windows 8.1 Pro 64-bit', 'DAMG-24', '', 0, 0, '', 'Acer P166HQL', 'Logitech', 'Logitech'),
(107, 487, '2015-12-28', 'A-25', 'Intel(R) Core(TM) i3-2100 CPU @ 3.10GHz (4 CPUs), ~3.1GHz', '4 GB DDR 3', '500 GB', 'Windows 8.1 Pro 64-bit', 'DAMG-25', '', 0, 0, '', 'Acer P166HQL', 'Logitech', 'Logitech'),
(108, 488, '2015-12-28', 'A-Dosen', 'Intel(R) Core(TM) i3-2100 CPU @ 3.10GHz (4 CPUs), ~3.1GHz', '4 GB DDR 3', '500 GB', 'Windows 8.1 Pro 64-bit', 'DAMG-Dosen', '', 0, 0, '', 'Acer P166HQL', 'Logitech', 'Logitech'),
(109, 489, '2015-12-28', 'B-01', 'Intel(R) Core(TM) i3-2100 CPU @ 3.10GHz (4 CPUs), ~3.1GHz', '4 GB DDR 3', '500 GB', 'Windows 10 Enterprise 64-bit (10.0, Build 10240)', 'RPL-1', '', 0, 0, '', 'Acer P166HQL', 'Logitech', 'Logitech'),
(110, 489, '2015-12-28', 'B-01', 'Intel(R) Core(TM) i3-2100 CPU @ 3.10GHz (4 CPUs), ~3.1GHz', '4 GB DDR 3', '500 GB', 'Windows 10 Enterprise 64-bit (10.0, Build 10240)', 'RPL-1', '', 0, 0, '', 'LG Flatron E1641', 'Logitech', 'Logitech'),
(111, 490, '2015-12-28', 'B-02', 'Intel(R) Core(TM) i3-2100 CPU @ 3.10GHz (4 CPUs), ~3.1GHz', '4 GB DDR 3', '500 GB', 'Windows 10 Enterprise 64-bit (10.0, Build 10240)', 'RPL-2', '', 0, 0, '', 'LG Flatron E1641', 'Logitech', 'Logitech'),
(112, 491, '2015-12-28', 'B-03', 'Intel(R) Core(TM) i3-2100 CPU @ 3.10GHz (4 CPUs), ~3.1GHz', '4 GB DDR 3', '500 GB', 'Windows 10 Enterprise 64-bit (10.0, Build 10240)', 'RPL-3', '', 0, 0, '', 'LG Flatron E1641', 'Logitech', 'Logitech'),
(113, 492, '2015-12-28', 'B-04', 'Intel(R) Core(TM) i3-2100 CPU @ 3.10GHz (4 CPUs), ~3.1GHz', '4 GB DDR 3', '500 GB', 'Windows 10 Enterprise 64-bit (10.0, Build 10240)', 'RPL-4', '', 0, 0, '', 'LG Flatron E1641', 'Logitech', 'Logitech'),
(114, 493, '2015-12-28', 'B-05', 'Intel(R) Core(TM) i3-2100 CPU @ 3.10GHz (4 CPUs), ~3.1GHz', '4 GB DDR 3', '500 GB', 'Windows 10 Enterprise 64-bit (10.0, Build 10240)', 'RPL-5', '', 0, 0, '', 'LG Flatron E1641', 'Logitech', 'Logitech'),
(115, 494, '2015-12-28', 'B-06', 'Intel(R) Core(TM) i3-2100 CPU @ 3.10GHz (4 CPUs), ~3.1GHz', '4 GB DDR 3', '500 GB', 'Windows 10 Enterprise 64-bit (10.0, Build 10240)', 'RPL-6', '', 0, 0, '', 'LG Flatron E1641', 'Logitech', 'Logitech'),
(116, 495, '2015-12-28', 'B-07', 'Intel(R) Core(TM) i3-2100 CPU @ 3.10GHz (4 CPUs), ~3.1GHz', '4 GB DDR 3', '500 GB', 'Windows 10 Enterprise 64-bit (10.0, Build 10240)', '7', '', 0, 0, '', 'LG Flatron E1641', 'Logitech', 'Logitech'),
(117, 496, '2015-12-28', 'B-08', 'Intel(R) Core(TM) i3-2100 CPU @ 3.10GHz (4 CPUs), ~3.1GHz', '4 GB DDR 3', '500 GB', 'Windows 10 Enterprise 64-bit (10.0, Build 10240)', 'RPL-8', '', 0, 0, '', 'LG Flatron E1641', 'Logitech', 'Logitech'),
(118, 495, '2015-12-28', 'B-07', 'Intel(R) Core(TM) i3-2100 CPU @ 3.10GHz (4 CPUs), ~3.1GHz', '4 GB DDR 3', '500 GB', 'Windows 10 Enterprise 64-bit (10.0, Build 10240)', 'RPL-7', '', 0, 0, '', 'LG Flatron E1641', 'Logitech', 'Logitech'),
(119, 497, '2015-12-28', 'B-09', 'Intel(R) Core(TM) i3-2100 CPU @ 3.10GHz (4 CPUs), ~3.1GHz', '4 GB DDR 3', '500 GB', 'Windows 10 Enterprise 64-bit (10.0, Build 10240)', 'RPL-9', '', 0, 0, '', 'LG Flatron E1641', 'Logitech', 'Logitech'),
(120, 498, '2015-12-28', 'B-10', 'Intel(R) Core(TM) i3-2100 CPU @ 3.10GHz (4 CPUs), ~3.1GHz', '4 GB DDR 3', '500 GB', 'Windows 10 Enterprise 64-bit (10.0, Build 10240)', 'RPL-10', '', 0, 0, '', 'LG Flatron E1641', 'Logitech', 'Logitech'),
(121, 499, '2015-12-28', 'B-11', 'Intel(R) Core(TM) i3-2100 CPU @ 3.10GHz (4 CPUs), ~3.1GHz', '4 GB DDR 3', '500 GB', 'Windows 10 Enterprise 64-bit (10.0, Build 10240)', 'RPL-11', '', 0, 0, '', 'LG Flatron E1641', 'Logitech', 'Logitech'),
(122, 500, '2015-12-28', 'B-12', 'Intel(R) Core(TM) i3-2100 CPU @ 3.10GHz (4 CPUs), ~3.1GHz', '4 GB DDR 3', '500 GB', 'Windows 10 Enterprise 64-bit (10.0, Build 10240)', 'RPL-12', '', 0, 0, '', 'LG Flatron E1641', 'Logitech', 'Logitech'),
(123, 501, '2015-12-28', 'B-13', 'Intel(R) Core(TM) i3-2100 CPU @ 3.10GHz (4 CPUs), ~3.1GHz', '4 GB DDR 3', '500 GB', 'Windows 10 Enterprise 64-bit (10.0, Build 10240)', 'RPL-13', '', 0, 0, '', 'LG Flatron E1641', 'Logitech', 'Logitech'),
(124, 502, '2015-12-28', 'B-14', 'Intel(R) Core(TM) i3-2100 CPU @ 3.10GHz (4 CPUs), ~3.1GHz', '4 GB DDR 3', '500 GB', 'Windows 10 Enterprise 64-bit (10.0, Build 10240)', 'RPL-14', '', 0, 0, '', 'LG Flatron E1641', 'Logitech', 'Logitech'),
(125, 503, '2015-12-28', 'B-15', 'Intel(R) Core(TM) i3-2100 CPU @ 3.10GHz (4 CPUs), ~3.1GHz', '4 GB DDR 3', '500 GB', 'Windows 10 Enterprise 64-bit (10.0, Build 10240)', 'RPL-15', '', 0, 0, '', 'LG Flatron E1641', 'Logitech', 'Logitech'),
(126, 504, '2015-12-28', 'B-16', 'Intel(R) Core(TM) i3-2100 CPU @ 3.10GHz (4 CPUs), ~3.1GHz', '4 GB DDR 3', '500 GB', 'Windows 10 Enterprise 64-bit (10.0, Build 10240)', 'RPL-16', '', 0, 0, '', 'LG Flatron E1641', 'Logitech', 'Logitech'),
(127, 505, '2015-12-28', 'B-17', 'Intel(R) Core(TM) i3-2100 CPU @ 3.10GHz (4 CPUs), ~3.1GHz', '4 GB DDR 3', '500 GB', 'Windows 10 Enterprise 64-bit (10.0, Build 10240)', 'RPL-17', '', 0, 0, '', 'LG Flatron E1641', 'Logitech', 'Logitech'),
(128, 506, '2015-12-28', 'B-18', 'Intel(R) Core(TM) i3-2100 CPU @ 3.10GHz (4 CPUs), ~3.1GHz', '4 GB DDR 3', '500 GB', 'Windows 10 Enterprise 64-bit (10.0, Build 10240)', 'RPL-18', '', 0, 0, '', 'LG Flatron E1641', 'Logitech', 'Logitech'),
(129, 507, '2015-12-28', 'B-19', 'Intel(R) Core(TM) i3-2100 CPU @ 3.10GHz (4 CPUs), ~3.1GHz', '4 GB DDR 3', '500 GB', 'Windows 10 Enterprise 64-bit (10.0, Build 10240)', 'RPL-19', '', 0, 0, '', 'LG Flatron E1641', 'Logitech', 'Logitech'),
(130, 508, '2015-12-28', 'B-20', 'Intel(R) Core(TM) i3-2100 CPU @ 3.10GHz (4 CPUs), ~3.1GHz', '4 GB DDR 3', '500 GB', 'Windows 10 Enterprise 64-bit (10.0, Build 10240)', 'RPL-20', '', 0, 0, '', 'LG Flatron E1641', 'Logitech', 'Logitech'),
(131, 509, '2015-12-28', 'B-21', 'Intel(R) Core(TM) i3-2100 CPU @ 3.10GHz (4 CPUs), ~3.1GHz', '4 GB DDR 3', '500 GB', 'Windows 10 Enterprise 64-bit (10.0, Build 10240)', 'RPL-21', '', 0, 0, '', 'LG Flatron E1641', 'Logitech', 'Logitech'),
(132, 510, '2015-12-28', 'B-22', 'Intel(R) Core(TM) i3-2100 CPU @ 3.10GHz (4 CPUs), ~3.1GHz', '4 GB DDR 3', '500 GB', 'Windows 10 Enterprise 64-bit (10.0, Build 10240)', 'RPL-22', '', 0, 0, '', 'LG Flatron E1641', 'Logitech', 'Logitech'),
(133, 511, '2015-12-28', 'B-23', 'Intel(R) Core(TM) i3-2100 CPU @ 3.10GHz (4 CPUs), ~3.1GHz', '4 GB DDR 3', '500 GB', 'Windows 10 Enterprise 64-bit (10.0, Build 10240)', 'RPL-23', '', 0, 0, '', 'LG Flatron E1641', 'Logitech', 'Logitech'),
(134, 512, '2015-12-28', 'B-24', 'Intel(R) Core(TM) i3-2100 CPU @ 3.10GHz (4 CPUs), ~3.1GHz', '4 GB DDR 3', '500 GB', 'Windows 10 Enterprise 64-bit (10.0, Build 10240)', 'RPL-24', '', 0, 0, '', 'LG Flatron E1641', 'Logitech', 'Logitech'),
(135, 513, '2015-12-28', 'B-25', 'Intel(R) Core(TM) i3-2100 CPU @ 3.10GHz (4 CPUs), ~3.1GHz', '4 GB DDR 3', '500 GB', 'Windows 10 Enterprise 64-bit (10.0, Build 10240)', 'RPL-25', '', 0, 0, '', 'LG Flatron E1641', 'Logitech', 'Logitech'),
(136, 514, '2015-12-28', 'B-Dosen', 'Intel(R) Core(TM) i3-2100 CPU @ 3.10GHz (4 CPUs), ~3.1GHz', '4 GB DDR 3', '500 GB', 'Windows 10 Enterprise 64-bit (10.0, Build 10240)', 'RPL-Dosen', '', 0, 0, '', 'LG Flatron E1641', 'Logitech', 'Logitech'),
(137, 440, '2015-12-29', 'A-25', 'Intel(R) Core(TM) i3-3240 CPU @ 3.40GHz (4 CPUs), ~3.4GHz', '4 GB DDR 3', '1 TB', 'Windows 10 Enterprise 64-bit', 'JARKOM-25', '', 0, 0, 'LG M.DISC Super Multi', 'LG 19M35A - B', 'Logitech', 'Logitech'),
(138, 439, '2015-12-29', 'A-24', 'Intel(R) Core(TM) i3-3240 CPU @ 3.40GHz (4 CPUs), ~3.4GHz', '4 GB DDR 3', '1 TB', 'Windows 10 Enterprise 64-bit', 'JARKOM-24', '', 0, 0, 'LG M.DISC Super Multi', 'LG 19M35A - B', 'Logitech', 'Logitech'),
(139, 438, '2015-12-29', 'A-23', 'Intel(R) Core(TM) i3-3240 CPU @ 3.40GHz (4 CPUs), ~3.4GHz', '4 GB DDR 3', '1 TB', 'Windows 10 Enterprise 64-bit', 'JARKOM-23', '', 0, 0, 'LG M.DISC Super Multi', 'LG 19M35A - B', 'Logitech', 'Logitech'),
(140, 437, '2015-12-29', 'B-Dosen', 'Intel(R) Core(TM) i3-3240 CPU @ 3.40GHz (4 CPUs), ~3.4GHz', '4 GB DDR 3', '1 TB', 'Windows 10 Enterprise 64-bit', 'SI-Dosen', '', 0, 0, 'LG M.DISC Super Multi', 'LG 19M35A - B', 'Logitech', 'Logitech'),
(141, 436, '2015-12-29', 'A-Dosen', 'Intel(R) Core(TM) i3-3240 CPU @ 3.40GHz (4 CPUs), ~3.4GHz', '4 GB DDR 3', '1 TB', 'Windows 10 Enterprise 64-bit', 'JARKOM-Dosen', '', 0, 0, 'LG M.DISC Super Multi', 'LG 19M35A - B', 'Logitech', 'Logitech'),
(142, 435, '2015-12-29', 'A-20', 'Intel(R) Core(TM) i3-3240 CPU @ 3.40GHz (4 CPUs), ~3.4GHz', '4 GB DDR 3', '1 TB', 'Windows 10 Enterprise 64-bit', 'JARKOM-20', '', 0, 0, 'LG M.DISC Super Multi', 'LG 19M35A - B', 'Logitech', 'Logitech'),
(143, 434, '2015-12-29', 'A-19', 'Intel(R) Core(TM) i3-3240 CPU @ 3.40GHz (4 CPUs), ~3.4GHz', '4 GB DDR 3', '1 TB', 'Windows 10 Enterprise 64-bit', 'JARKOM-19', '', 0, 0, 'LG M.DISC Super Multi', 'LG 19M35A - B', 'Logitech', 'Logitech'),
(144, 433, '2015-12-29', 'A-18', 'Intel(R) Core(TM) i3-3240 CPU @ 3.40GHz (4 CPUs), ~3.4GHz', '4 GB DDR 3', '1 TB', 'Windows 10 Enterprise 64-bit', 'JARKOM-18', '', 0, 0, 'LG M.DISC Super Multi', 'LG 19M35A - B', 'Logitech', 'Logitech'),
(145, 432, '2015-12-29', 'A-17', 'Intel(R) Core(TM) i3-3240 CPU @ 3.40GHz (4 CPUs), ~3.4GHz', '4 GB DDR 3', '1 TB', 'Windows 10 Enterprise 64-bit', 'JARKOM-17', '', 0, 0, 'LG M.DISC Super Multi', 'LG 19M35A - B', 'Logitech', 'Logitech'),
(146, 431, '2015-12-29', 'A-16', 'Intel(R) Core(TM) i3-3240 CPU @ 3.40GHz (4 CPUs), ~3.4GHz', '4 GB DDR 3', '1 TB', 'Windows 10 Enterprise 64-bit', 'JARKOM-16', '', 0, 0, 'LG M.DISC Super Multi', 'LG 19M35A - B', 'Logitech', 'Logitech'),
(147, 390, '2015-12-29', 'RTC-Dosen', 'Intel(R) Core(TM) i5-3470 CPU @ 3.20GHz (4 CPUs), ~3.2GHz', '4 GB DDR 3', '500 GB', 'Windows 10 Enterprise 64-bit', 'RTC-PC', '10.10.30.75', 0, 0, '', 'LG FLATRON E1951T - BN', 'Logitech', 'Logitech'),
(148, 389, '2015-12-29', 'B-25', 'Intel(R) Core(TM) i5-3470 CPU @ 3.20GHz (4 CPUs), ~3.2GHz', '4 GB DDR 3', '500 GB', 'Windows 10 Enterprise 64-bit', 'SI-25', '192.168.14.11', 0, 0, 'LG M.DISC Super Multi', 'LG FLATRON E1951T - BN', 'Logitech', 'Logitech'),
(149, 388, '2015-12-29', 'B-24', 'Intel(R) Core(TM) i5-3470 CPU @ 3.20GHz (4 CPUs), ~3.2GHz', '4 GB DDR 3', '500 GB', 'Windows 10 Enterprise 64-bit', 'SI-24', '192.168.14.11', 0, 0, 'LG M.DISC Super Multi', 'LG FLATRON E1951T - BN', 'Logitech', 'Logitech'),
(150, 387, '2015-12-29', 'B-23', 'Intel(R) Core(TM) i5-3470 CPU @ 3.20GHz (4 CPUs), ~3.2GHz', '4 GB DDR 3', '500 GB', 'Windows 10 Enterprise 64-bit', 'SI-23', '192.168.14.11', 0, 0, 'LG M.DISC Super Multi', 'LG FLATRON E1951T - BN', 'Logitech', 'Logitech'),
(151, 386, '2015-12-29', 'B-22', 'Intel(R) Core(TM) i5-3470 CPU @ 3.20GHz (4 CPUs), ~3.2GHz', '4 GB DDR 3', '500 GB', 'Windows 10 Enterprise 64-bit', 'SI-22', '192.168.14.11', 0, 0, 'LG M.DISC Super Multi', 'LG FLATRON E1951T - BN', 'Logitech', 'Logitech'),
(152, 385, '2015-12-29', 'B-21', 'Intel(R) Core(TM) i5-3470 CPU @ 3.20GHz (4 CPUs), ~3.2GHz', '4 GB DDR 3', '500 GB', 'Windows 10 Enterprise 64-bit', 'SI-21', '192.168.14.11', 0, 0, 'LG M.DISC Super Multi', 'LG FLATRON E1951T - BN', 'Logitech', 'Logitech'),
(153, 384, '2015-12-29', 'B-20', 'Intel(R) Core(TM) i5-3470 CPU @ 3.20GHz (4 CPUs), ~3.2GHz', '4 GB DDR 3', '500 GB', 'Windows 10 Enterprise 64-bit', 'SI-20', '192.168.14.11', 0, 0, 'LG M.DISC Super Multi', 'LG FLATRON E1951T - BN', 'Logitech', 'Logitech'),
(154, 383, '2015-12-29', 'B-19', 'Intel(R) Core(TM) i5-3470 CPU @ 3.20GHz (4 CPUs), ~3.2GHz', '4 GB DDR 3', '500 GB', 'Windows 10 Enterprise 64-bit', 'SI-19', '192.168.14.11', 0, 0, 'LG M.DISC Super Multi', 'LG FLATRON E1951T - BN', 'Logitech', 'Logitech'),
(155, 382, '2015-12-29', '', 'Intel(R) Core(TM) i5-3470 CPU @ 3.20GHz (4 CPUs), ~3.2GHz', '4 GB DDR 3', '500 GB', 'Windows 10 Enterprise 64-bit', 'SI-18', '192.168.14.11', 0, 0, 'LG M.DISC Super Multi', 'LG FLATRON E1951T - BN', 'Logitech', 'Logitech'),
(156, 371, '2015-12-29', 'B-07', 'Intel(R) Core(TM) i5-3470 CPU @ 3.20GHz (4 CPUs), ~3.2GHz', '4 GB DDR 3', '500 GB', 'Windows 10 Enterprise 64-bit', 'SI-7', '192.168.14.11', 0, 0, 'LG M.DISC Super Multi', 'LG FLATRON E1951T - BN', 'Logitech', 'Logitech'),
(157, 370, '2015-12-29', 'B-06', 'Intel(R) Core(TM) i5-3470 CPU @ 3.20GHz (4 CPUs), ~3.2GHz', '4 GB DDR 3', '500 GB', 'Windows 10 Enterprise 64-bit', 'SI-6', '192.168.14.11', 0, 0, 'LG M.DISC Super Multi', 'LG FLATRON E1951T - BN', 'Logitech', 'Logitech'),
(158, 369, '2015-12-29', 'B-05', 'Intel(R) Core(TM) i5-3470 CPU @ 3.20GHz (4 CPUs), ~3.2GHz', '4 GB DDR 3', '500 GB', 'Windows 10 Enterprise 64-bit', 'SI-5', '192.168.14.11', 0, 0, 'LG M.DISC Super Multi', 'LG FLATRON E1951T - BN', 'Logitech', 'Logitech'),
(159, 368, '2015-12-29', 'B-04', 'Intel(R) Core(TM) i5-3470 CPU @ 3.20GHz (4 CPUs), ~3.2GHz', '4 GB DDR 3', '500 GB', 'Windows 10 Enterprise 64-bit', 'SI-4', '192.168.14.11', 0, 0, 'LG M.DISC Super Multi', 'LG FLATRON E1951T - BN', 'Logitech', 'Logitech'),
(160, 367, '2015-12-29', 'B-03', 'Intel(R) Core(TM) i5-3470 CPU @ 3.20GHz (4 CPUs), ~3.2GHz', '4 GB DDR 3', '500 GB', 'Windows 10 Enterprise 64-bit', 'SI-3', '192.168.14.11', 0, 0, 'LG M.DISC Super Multi', 'LG FLATRON E1951T - BN', 'Logitech', 'Logitech'),
(161, 366, '2015-12-29', 'B-02', 'Intel(R) Core(TM) i5-3470 CPU @ 3.20GHz (4 CPUs), ~3.2GHz', '4 GB DDR 3', '500 GB', 'Windows 10 Enterprise 64-bit', 'SI-2', '192.168.14.11', 0, 0, 'LG M.DISC Super Multi', 'LG FLATRON E1951T - BN', 'Logitech', 'Logitech'),
(162, 365, '2015-12-29', 'B-01', 'Intel(R) Core(TM) i5-3470 CPU @ 3.20GHz (4 CPUs), ~3.2GHz', '4 GB DDR 3', '500 GB', 'Windows 10 Enterprise 64-bit', 'SI-1', '192.168.14.11', 0, 0, 'LG M.DISC Super Multi', 'LG FLATRON E1951T - BN', 'Logitech', 'Logitech'),
(163, 381, '2015-12-29', 'B-17', 'Intel(R) Core(TM) i5-3470 CPU @ 3.20GHz (4 CPUs), ~3.2GHz', '4 GB DDR 3', '500 GB', 'Windows 10 Enterprise 64-bit', 'SI-17', '192.168.14.11', 0, 0, 'LG M.DISC Super Multi', 'LG FLATRON E1951T - BN', 'Logitech', 'Logitech'),
(164, 380, '2015-12-29', 'B-16', 'Intel(R) Core(TM) i5-3470 CPU @ 3.20GHz (4 CPUs), ~3.2GHz', '4 GB DDR 3', '500 GB', 'Windows 10 Enterprise 64-bit', 'SI-16', '192.168.14.11', 0, 0, 'LG M.DISC Super Multi', 'LG FLATRON E1951T - BN', 'Logitech', 'Logitech'),
(165, 379, '2015-12-29', 'B-15', 'Intel(R) Core(TM) i5-3470 CPU @ 3.20GHz (4 CPUs), ~3.2GHz', '4 GB DDR 3', '500 GB', 'Windows 10 Enterprise 64-bit', 'SI-15', '192.168.14.11', 0, 0, 'LG M.DISC Super Multi', 'LG FLATRON E1951T - BN', 'Logitech', 'Logitech'),
(166, 378, '2015-12-29', 'B-14', 'Intel(R) Core(TM) i5-3470 CPU @ 3.20GHz (4 CPUs), ~3.2GHz', '4 GB DDR 3', '500 GB', 'Windows 10 Enterprise 64-bit', 'SI-14', '192.168.14.11', 0, 0, 'LG M.DISC Super Multi', 'LG FLATRON E1951T - BN', 'Logitech', 'Logitech'),
(167, 377, '2015-12-29', 'B-13', 'Intel(R) Core(TM) i5-3470 CPU @ 3.20GHz (4 CPUs), ~3.2GHz', '4 GB DDR 3', '500 GB', 'Windows 10 Enterprise 64-bit', 'SI-13', '192.168.14.11', 0, 0, 'LG M.DISC Super Multi', 'LG FLATRON E1951T - BN', 'Logitech', 'Logitech'),
(168, 376, '2015-12-29', 'B-12', 'Intel(R) Core(TM) i5-3470 CPU @ 3.20GHz (4 CPUs), ~3.2GHz', '4 GB DDR 3', '500 GB', 'Windows 10 Enterprise 64-bit', 'SI-12', '192.168.14.11', 0, 0, 'LG M.DISC Super Multi', 'LG FLATRON E1951T - BN', 'Logitech', 'Logitech'),
(169, 375, '2015-12-29', 'B-11', 'Intel(R) Core(TM) i5-3470 CPU @ 3.20GHz (4 CPUs), ~3.2GHz', '4 GB DDR 3', '500 GB', 'Windows 10 Enterprise 64-bit', 'SI-11', '192.168.14.11', 0, 0, 'LG M.DISC Super Multi', 'LG FLATRON E1951T - BN', 'Logitech', 'Logitech'),
(170, 374, '2015-12-29', 'B-10', 'Intel(R) Core(TM) i5-3470 CPU @ 3.20GHz (4 CPUs), ~3.2GHz', '4 GB DDR 3', '500 GB', 'Windows 10 Enterprise 64-bit', 'SI-10', '192.168.14.11', 0, 0, 'LG M.DISC Super Multi', 'LG FLATRON E1951T - BN', 'Logitech', 'Logitech'),
(171, 373, '2015-12-29', 'B-09', 'Intel(R) Core(TM) i5-3470 CPU @ 3.20GHz (4 CPUs), ~3.2GHz', '4 GB DDR 3', '500 GB', 'Windows 10 Enterprise 64-bit', 'SI-9', '192.168.14.11', 0, 0, 'LG M.DISC Super Multi', 'LG FLATRON E1951T - BN', 'Logitech', 'Logitech'),
(172, 372, '2015-12-29', 'B-08', 'Intel(R) Core(TM) i5-3470 CPU @ 3.20GHz (4 CPUs), ~3.2GHz', '4 GB DDR 3', '500 GB', 'Windows 10 Enterprise 64-bit', 'SI-8', '192.168.14.11', 0, 0, 'LG M.DISC Super Multi', 'LG FLATRON E1951T - BN', 'Logitech', 'Logitech'),
(173, 430, '2015-12-29', 'A-15', 'Intel(R) Core(TM) i3-3240 CPU @ 3.40GHz (4 CPUs), ~3.4GHz', '4 GB DDR 3', '1 TB', 'Windows 10 Enterprise 64-bit', 'JARKOM-15', '', 0, 0, 'LG M.DISC Super Multi', 'LG 19M35A - B', 'Logitech', 'Logitech'),
(174, 429, '2015-12-29', 'A-14', 'Intel(R) Core(TM) i3-3240 CPU @ 3.40GHz (4 CPUs), ~3.4GHz', '4 GB DDR 3', '1 TB', 'Windows 10 Enterprise 64-bit', 'JARKOM-14', '', 0, 0, 'LG M.DISC Super Multi', 'LG 19M35A - B', 'Logitech', 'Logitech'),
(175, 428, '2015-12-29', 'A-13', 'Intel(R) Core(TM) i3-3240 CPU @ 3.40GHz (4 CPUs), ~3.4GHz', '4 GB DDR 3', '1 TB', 'Windows 10 Enterprise 64-bit', 'JARKOM-13', '', 0, 0, 'LG M.DISC Super Multi', 'LG 19M35A - B', 'Logitech', 'Logitech'),
(176, 427, '2015-12-29', 'A-12', 'Intel(R) Core(TM) i3-3240 CPU @ 3.40GHz (4 CPUs), ~3.4GHz', '4 GB DDR 3', '1 TB', 'Windows 10 Enterprise 64-bit', 'JARKOM-12', '', 0, 0, 'LG M.DISC Super Multi', 'LG 19M35A - B', 'Logitech', 'Logitech'),
(177, 426, '2015-12-29', 'A-11', 'Intel(R) Core(TM) i3-3240 CPU @ 3.40GHz (4 CPUs), ~3.4GHz', '4 GB DDR 3', '1 TB', 'Windows 10 Enterprise 64-bit', 'JARKOM-11', '', 0, 0, 'LG M.DISC Super Multi', 'LG 19M35A - B', 'Logitech', 'Logitech'),
(178, 425, '2015-12-29', 'A-10', 'Intel(R) Core(TM) i3-3240 CPU @ 3.40GHz (4 CPUs), ~3.4GHz', '4 GB DDR 3', '1 TB', 'Windows 10 Enterprise 64-bit', 'JARKOM-10', '', 0, 0, 'LG M.DISC Super Multi', 'LG 19M35A - B', 'Logitech', 'Logitech'),
(179, 424, '2015-12-29', 'A-09', 'Intel(R) Core(TM) i3-3240 CPU @ 3.40GHz (4 CPUs), ~3.4GHz', '4 GB DDR 3', '1 TB', 'Windows 10 Enterprise 64-bit', 'JARKOM-9', '', 0, 0, 'LG M.DISC Super Multi', 'LG 19M35A - B', 'Logitech', 'Logitech'),
(180, 423, '2015-12-29', 'A-08', 'Intel(R) Core(TM) i3-3240 CPU @ 3.40GHz (4 CPUs), ~3.4GHz', '4 GB DDR 3', '1 TB', 'Windows 10 Enterprise 64-bit', 'JARKOM-8', '', 0, 0, 'LG M.DISC Super Multi', 'LG 19M35A - B', 'Logitech', 'Logitech'),
(181, 422, '2015-12-29', 'A-07', 'Intel(R) Core(TM) i3-3240 CPU @ 3.40GHz (4 CPUs), ~3.4GHz', '4 GB DDR 3', '1 TB', 'Windows 10 Enterprise 64-bit', 'JARKOM-7', '', 0, 0, 'LG M.DISC Super Multi', 'LG 19M35A - B', 'Logitech', 'Logitech'),
(182, 421, '2015-12-29', 'A-06', 'Intel(R) Core(TM) i3-3240 CPU @ 3.40GHz (4 CPUs), ~3.4GHz', '4 GB DDR 3', '1 TB', 'Windows 10 Enterprise 64-bit', 'JARKOM-6', '', 0, 0, 'LG M.DISC Super Multi', 'LG 19M35A - B', 'Logitech', 'Logitech'),
(183, 420, '2015-12-29', 'A-05', 'Intel(R) Core(TM) i3-3240 CPU @ 3.40GHz (4 CPUs), ~3.4GHz', '4 GB DDR 3', '1 TB', 'Windows 10 Enterprise 64-bit', 'JARKOM-5', '', 0, 0, 'LG M.DISC Super Multi', 'LG 19M35A - B', 'Logitech', 'Logitech'),
(184, 419, '2015-12-29', 'A-04', 'Intel(R) Core(TM) i3-3240 CPU @ 3.40GHz (4 CPUs), ~3.4GHz', '4 GB DDR 3', '1 TB', 'Windows 10 Enterprise 64-bit', 'JARKOM-4', '', 0, 0, 'LG M.DISC Super Multi', 'LG 19M35A - B', 'Logitech', 'Logitech'),
(185, 418, '2015-12-29', 'A-03', 'Intel(R) Core(TM) i3-3240 CPU @ 3.40GHz (4 CPUs), ~3.4GHz', '4 GB DDR 3', '1 TB', 'Windows 10 Enterprise 64-bit', 'JARKOM-3', '', 0, 0, 'LG M.DISC Super Multi', 'LG 19M35A - B', 'Logitech', 'Logitech'),
(186, 417, '2015-12-29', 'A-02', 'Intel(R) Core(TM) i3-3240 CPU @ 3.40GHz (4 CPUs), ~3.4GHz', '4 GB DDR 3', '1 TB', 'Windows 10 Enterprise 64-bit', 'JARKOM-2', '', 0, 0, 'LG M.DISC Super Multi', 'LG 19M35A - B', 'Logitech', 'Logitech'),
(187, 416, '2015-12-29', 'A-01', 'Intel(R) Core(TM) i3-3240 CPU @ 3.40GHz (4 CPUs), ~3.4GHz', '4 GB DDR 3', '1 TB', 'Windows 10 Enterprise 64-bit', 'JARKOM-1', '', 0, 0, 'LG M.DISC Super Multi', 'LG 19M35A - B', 'Logitech', 'Logitech'),
(188, 382, '2015-12-29', 'B-18', 'Intel(R) Core(TM) i5-3470 CPU @ 3.20GHz (4 CPUs), ~3.2GHz', '4 GB DDR 3', '500 GB', 'Windows 10 Enterprise 64-bit', 'SI-18', '192.168.14.11', 0, 0, 'LG M.DISC Super Multi', 'LG FLATRON E1951T - BN', 'Logitech', 'Logitech'),
(189, 559, '2015-12-29', 'A-01', 'Intel(R) Core(TM) i3-4150 CPU @ 3.50GHz (4 CPUs), ~3.5GHz', '4 GB DDR 3', '500 GB', 'Windows 8.1 Pro 64-bit (6.3, Build 9600)', 'SISARKOM-1', '', 0, 0, '', 'LG LED 20M37A', 'Logitech', 'Logitech'),
(190, 559, '2015-12-29', 'A-02', 'Intel(R) Core(TM) i3-4150 CPU @ 3.50GHz (4 CPUs), ~3.5GHz', '4 GB DDR 3', '500 GB', 'Windows 8.1 Pro 64-bit (6.3, Build 9600)', 'SISARKOM-2', '', 0, 0, '', 'LG LED 20M37A', 'Logitech', 'Logitech'),
(191, 559, '2015-12-29', 'A-03', 'Intel(R) Core(TM) i3-4150 CPU @ 3.50GHz (4 CPUs), ~3.5GHz', '4 GB DDR 3', '500 GB', 'Windows 8.1 Pro 64-bit (6.3, Build 9600)', 'SISARKOM-3', '', 0, 0, '', 'LG LED 20M37A', 'Logitech', 'Logitech'),
(192, 559, '2015-12-29', 'A-04', 'Intel(R) Core(TM) i3-4150 CPU @ 3.50GHz (4 CPUs), ~3.5GHz', '4 GB DDR 3', '500 GB', 'Windows 8.1 Pro 64-bit (6.3, Build 9600)', 'SISARKOM-4', '', 0, 0, '', 'LG LED 20M37A', 'Logitech', 'Logitech'),
(193, 559, '2015-12-29', 'A-05', 'Intel(R) Core(TM) i3-4150 CPU @ 3.50GHz (4 CPUs), ~3.5GHz', '4 GB DDR 3', '500 GB', 'Windows 8.1 Pro 64-bit (6.3, Build 9600)', 'SISARKOM-5', '', 0, 0, '', 'LG LED 20M37A', 'Logitech', 'Logitech'),
(194, 559, '2015-12-29', 'A-06', 'Intel(R) Core(TM) i3-4150 CPU @ 3.50GHz (4 CPUs), ~3.5GHz', '4 GB DDR 3', '500 GB', 'Windows 8.1 Pro 64-bit (6.3, Build 9600)', 'SISARKOM-6', '', 0, 0, '', 'LG LED 20M37A', 'Logitech', 'Logitech'),
(195, 560, '2015-12-29', 'A-02', 'Intel(R) Core(TM) i3-4150 CPU @ 3.50GHz (4 CPUs), ~3.5GHz', '4 GB DDR 3', '500 GB', 'Windows 8.1 Pro 64-bit (6.3, Build 9600)', 'SISARKOM-2', '', 0, 0, '', 'LG LED 20M37A', 'Logitech', 'Logitech'),
(196, 561, '2015-12-29', 'A-03', 'Intel(R) Core(TM) i3-4150 CPU @ 3.50GHz (4 CPUs), ~3.5GHz', '4 GB DDR 3', '500 GB', 'Windows 8.1 Pro 64-bit (6.3, Build 9600)', 'SISARKOM-3', '', 0, 0, '', 'LG LED 20M37A', 'Logitech', 'Logitech'),
(197, 562, '2015-12-29', 'A-04', 'Intel(R) Core(TM) i3-4150 CPU @ 3.50GHz (4 CPUs), ~3.5GHz', '4 GB DDR 3', '500 GB', 'Windows 8.1 Pro 64-bit (6.3, Build 9600)', 'SISARKOM-4', '', 0, 0, '', 'LG LED 20M37A', 'Logitech', 'Logitech'),
(198, 563, '2015-12-29', 'A-05', 'Intel(R) Core(TM) i3-4150 CPU @ 3.50GHz (4 CPUs), ~3.5GHz', '4 GB DDR 3', '500 GB', 'Windows 8.1 Pro 64-bit (6.3, Build 9600)', 'SISARKOM-5', '', 0, 0, '', 'LG LED 20M37A', 'Logitech', 'Logitech'),
(199, 564, '2015-12-29', 'A-06', 'Intel(R) Core(TM) i3-4150 CPU @ 3.50GHz (4 CPUs), ~3.5GHz', '4 GB DDR 3', '500 GB', 'Windows 8.1 Pro 64-bit (6.3, Build 9600)', 'SISARKOM-6', '', 0, 0, '', 'LG LED 20M37A', 'Logitech', 'Logitech'),
(200, 565, '2015-12-29', 'A-07', 'Intel(R) Core(TM) i3-4150 CPU @ 3.50GHz (4 CPUs), ~3.5GHz', '4 GB DDR 3', '500 GB', 'Windows 8.1 Pro 64-bit (6.3, Build 9600)', 'SISARKOM-7', '', 0, 0, '', 'LG LED 20M37A', 'Logitech', 'Logitech'),
(201, 566, '2015-12-29', 'A-08', 'Intel(R) Core(TM) i3-4150 CPU @ 3.50GHz (4 CPUs), ~3.5GHz', '4 GB DDR 3', '500 GB', 'Windows 8.1 Pro 64-bit (6.3, Build 9600)', 'SISARKOM-8', '', 0, 0, '', 'LG LED 20M37A', 'Logitech', 'Logitech'),
(202, 567, '2015-12-29', 'A-09', 'Intel(R) Core(TM) i3-4150 CPU @ 3.50GHz (4 CPUs), ~3.5GHz', '4 GB DDR 3', '500 GB', 'Windows 8.1 Pro 64-bit (6.3, Build 9600)', 'SISARKOM-9', '', 0, 0, '', 'LG LED 20M37A', 'Logitech', 'Logitech'),
(203, 568, '2015-12-29', 'A-10', 'Intel(R) Core(TM) i3-4150 CPU @ 3.50GHz (4 CPUs), ~3.5GHz', '4 GB DDR 3', '500 GB', 'Windows 8.1 Pro 64-bit (6.3, Build 9600)', 'SISARKOM-10', '', 0, 0, '', 'LG LED 20M37A', 'Logitech', 'Logitech'),
(204, 569, '2015-12-29', 'A-11', 'Intel(R) Core(TM) i3-4150 CPU @ 3.50GHz (4 CPUs), ~3.5GHz', '4 GB DDR 3', '500 GB', 'Windows 8.1 Pro 64-bit (6.3, Build 9600)', 'SISARKOM-11', '', 0, 0, '', 'LG LED 20M37A', 'Logitech', 'Logitech'),
(205, 570, '2015-12-29', 'A-12', 'Intel(R) Core(TM) i3-4150 CPU @ 3.50GHz (4 CPUs), ~3.5GHz', '4 GB DDR 3', '500 GB', 'Windows 8.1 Pro 64-bit (6.3, Build 9600)', 'SISARKOM-12', '', 0, 0, '', 'LG LED 20M37A', 'Logitech', 'Logitech'),
(206, 571, '2015-12-29', 'A-13', 'Intel(R) Core(TM) i3-4150 CPU @ 3.50GHz (4 CPUs), ~3.5GHz', '4 GB DDR 3', '500 GB', 'Windows 8.1 Pro 64-bit (6.3, Build 9600)', 'SISARKOM-13', '', 0, 0, '', 'LG LED 20M37A', 'Logitech', 'Logitech'),
(207, 572, '2015-12-29', 'A-14', 'Intel(R) Core(TM) i3-4150 CPU @ 3.50GHz (4 CPUs), ~3.5GHz', '4 GB DDR 3', '500 GB', 'Windows 8.1 Pro 64-bit (6.3, Build 9600)', 'SISARKOM-14', '', 0, 0, '', 'LG LED 20M37A', 'Logitech', 'Logitech'),
(208, 573, '2015-12-29', 'A-15', 'Intel(R) Core(TM) i3-4150 CPU @ 3.50GHz (4 CPUs), ~3.5GHz', '4 GB DDR 3', '500 GB', 'Windows 8.1 Pro 64-bit (6.3, Build 9600)', 'SISARKOM-15', '', 0, 0, '', 'LG LED 20M37A', 'Logitech', 'Logitech'),
(209, 573, '2015-12-29', 'A-15', 'Intel(R) Core(TM) i3-4150 CPU @ 3.50GHz (4 CPUs), ~3.5GHz', '4 GB DDR 3', '500 GB', 'Windows 8.1 Pro 64-bit (6.3, Build 9600)', 'SISARKOM-15', '', 0, 0, '', 'LG LED 20M37A', 'Logitech', 'Logitech'),
(210, 574, '2015-12-29', 'A-16', 'Intel(R) Core(TM) i3-4150 CPU @ 3.50GHz (4 CPUs), ~3.5GHz', '4 GB DDR 3', '500 GB', 'Windows 8.1 Pro 64-bit (6.3, Build 9600)', 'SISARKOM-16', '', 0, 0, '', 'LG LED 20M37A', 'Logitech', 'Logitech'),
(211, 575, '2015-12-29', 'A-17', 'Intel(R) Core(TM) i3-4150 CPU @ 3.50GHz (4 CPUs), ~3.5GHz', '4 GB DDR 3', '500 GB', 'Windows 8.1 Pro 64-bit (6.3, Build 9600)', 'SISARKOM-17', '', 0, 0, '', 'LG LED 20M37A', 'Logitech', 'Logitech'),
(212, 576, '2015-12-29', 'A-18', 'Intel(R) Core(TM) i3-4150 CPU @ 3.50GHz (4 CPUs), ~3.5GHz', '4 GB DDR 3', '500 GB', 'Windows 8.1 Pro 64-bit (6.3, Build 9600)', 'SISARKOM-18', '', 0, 0, '', 'LG LED 20M37A', 'Logitech', 'Logitech'),
(213, 577, '2015-12-29', 'A-19', 'Intel(R) Core(TM) i3-4150 CPU @ 3.50GHz (4 CPUs), ~3.5GHz', '4 GB DDR 3', '500 GB', 'Windows 8.1 Pro 64-bit (6.3, Build 9600)', 'SISARKOM-19', '', 0, 0, '', 'LG LED 20M37A', 'Logitech', 'Logitech'),
(214, 578, '2015-12-29', 'A-20', 'Intel(R) Core(TM) i3-4150 CPU @ 3.50GHz (4 CPUs), ~3.5GHz', '4 GB DDR 3', '500 GB', 'Windows 8.1 Pro 64-bit (6.3, Build 9600)', 'SISARKOM-20', '', 0, 0, '', 'LG LED 20M37A', 'Logitech', 'Logitech'),
(215, 579, '2015-12-29', 'A-21', 'Intel(R) Core(TM) i3-4150 CPU @ 3.50GHz (4 CPUs), ~3.5GHz', '4 GB DDR 3', '500 GB', 'Windows 8.1 Pro 64-bit (6.3, Build 9600)', 'SISARKOM-21', '', 0, 0, '', 'LG LED 20M37A', 'Logitech', 'Logitech'),
(216, 580, '2015-12-29', 'A-22', 'Intel(R) Core(TM) i3-4150 CPU @ 3.50GHz (4 CPUs), ~3.5GHz', '4 GB DDR 3', '500 GB', 'Windows 8.1 Pro 64-bit (6.3, Build 9600)', 'SISARKOM-22', '', 0, 0, '', 'LG LED 20M37A', 'Logitech', 'Logitech'),
(217, 581, '2015-12-29', 'A-23', 'Intel(R) Core(TM) i3-4150 CPU @ 3.50GHz (4 CPUs), ~3.5GHz', '4 GB DDR 3', '500 GB', 'Windows 8.1 Pro 64-bit (6.3, Build 9600)', 'SISARKOM-23', '', 0, 0, '', 'LG LED 20M37A', 'Logitech', 'Logitech'),
(218, 582, '2015-12-29', 'A-24', 'Intel(R) Core(TM) i3-4150 CPU @ 3.50GHz (4 CPUs), ~3.5GHz', '4 GB DDR 3', '500 GB', 'Windows 8.1 Pro 64-bit (6.3, Build 9600)', 'SISARKOM-24', '', 0, 0, '', 'LG LED 20M37A', 'Logitech', 'Logitech'),
(219, 582, '2015-12-29', 'A-25', 'Intel(R) Core(TM) i5-4460  CPU @ 3.20GHz (4 CPUs), ~3.2GHz', '4 GB DDR 3', '500 GB', 'Windows 8.1 Pro 64-bit (6.3, Build 9600)', 'SISARKOM-24', '', 0, 0, '', 'LG LED 20M37A', 'Logitech', 'Logitech'),
(220, 583, '2015-12-29', 'A-25', 'Intel(R) Core(TM) i5-4460  CPU @ 3.20GHz (4 CPUs), ~3.2GHz', '4 GB DDR 3', '500 GB', 'Windows 8.1 Pro 64-bit (6.3, Build 9600)', 'SISARKOM-25', '', 0, 0, '', 'LG LED 20M37A', 'Logitech', 'Logitech'),
(221, 584, '2015-12-29', 'A-01', 'Intel(R) Core(TM) i5-3470 CPU @ 3.20GHz (4 CPUs), ~3.2GHz', '2 GB DDR 3', '500 GB', 'Windows 10 Enterprise 64-bit (10.0, Build 10240)', 'LAB-RTC-01', '', 0, 0, 'DVD Multi', 'Dell E1914Hf', 'Dell', 'Dell'),
(222, 585, '2015-12-29', 'A-02', 'Intel(R) Core(TM) i5-3470 CPU @ 3.20GHz (4 CPUs), ~3.2GHz', '2 GB DDR 3', '500 GB', 'Windows 10 Enterprise 64-bit (10.0, Build 10240)', 'LAB-RTC-02', '', 0, 0, 'DVD Multi', 'Dell E1914Hf', 'Dell', 'Dell'),
(223, 586, '2015-12-29', 'A-03', 'Intel(R) Core(TM) i5-3470 CPU @ 3.20GHz (4 CPUs), ~3.2GHz', '2 GB DDR 3', '500 GB', 'Windows 10 Enterprise 64-bit (10.0, Build 10240)', 'LAB-RTC-03', '', 0, 0, 'DVD Multi', 'Dell E1914Hf', 'Dell', 'Dell'),
(224, 587, '2015-12-29', 'A-04', 'Intel(R) Core(TM) i5-3470 CPU @ 3.20GHz (4 CPUs), ~3.2GHz', '2 GB DDR 3', '500 GB', 'Windows 10 Enterprise 64-bit (10.0, Build 10240)', 'LAB-RTC-04', '', 0, 0, 'DVD Multi', 'Dell E1914Hf', 'Dell', 'Dell'),
(225, 588, '2015-12-29', 'A-05', 'Intel(R) Core(TM) i5-3470 CPU @ 3.20GHz (4 CPUs), ~3.2GHz', '2 GB DDR 3', '500 GB', 'Windows 10 Enterprise 64-bit (10.0, Build 10240)', 'LAB-RTC-05', '', 0, 0, 'DVD Multi', 'Dell E1914Hf', 'Dell', 'Dell'),
(226, 589, '2015-12-29', 'A-06', 'Intel(R) Core(TM) i5-3470 CPU @ 3.20GHz (4 CPUs), ~3.2GHz', '2 GB DDR 3', '500 GB', 'Windows 10 Enterprise 64-bit (10.0, Build 10240)', 'LAB-RTC-06', '', 0, 0, 'DVD Multi', 'Dell E1914Hf', 'Dell', 'Dell'),
(227, 590, '2015-12-29', 'A-07', 'Intel(R) Core(TM) i5-3470 CPU @ 3.20GHz (4 CPUs), ~3.2GHz', '2 GB DDR 3', '500 GB', 'Windows 10 Enterprise 64-bit (10.0, Build 10240)', 'LAB-RTC-07', '', 0, 0, 'DVD Multi', 'Dell E1914Hf', 'Dell', 'Dell'),
(228, 591, '2015-12-29', 'A-08', 'Intel(R) Core(TM) i5-3470 CPU @ 3.20GHz (4 CPUs), ~3.2GHz', '2 GB DDR 3', '500 GB', 'Windows 10 Enterprise 64-bit (10.0, Build 10240)', 'LAB-RTC-08', '', 0, 0, 'DVD Multi', 'Dell E1914Hf', 'Dell', 'Dell'),
(229, 416, '2016-04-04', '', '', '', '', '', '', '', 0, 0, '', '', '', '');

-- --------------------------------------------------------

--
-- Table structure for table `invent_sub_stuff_spec`
--

CREATE TABLE IF NOT EXISTS `invent_sub_stuff_spec` (
  `spec_id` int(11) NOT NULL AUTO_INCREMENT,
  `sub_stuff_id` int(11) NOT NULL,
  `spec_table` varchar(15) DEFAULT NULL,
  `spec_processor` varchar(255) DEFAULT NULL,
  `spec_ram` varchar(255) DEFAULT NULL,
  `spec_harddisk` varchar(255) DEFAULT NULL,
  `spec_operating_system` varchar(255) DEFAULT NULL,
  `spec_computer_name` varchar(50) DEFAULT NULL,
  `spec_ip_address` varchar(50) DEFAULT NULL,
  `spec_vga_card` tinyint(1) DEFAULT NULL,
  `spec_lan_card` tinyint(1) DEFAULT NULL,
  `spec_dvd_rom` varchar(255) DEFAULT NULL,
  `spec_monitor` varchar(255) DEFAULT NULL,
  `spec_keyboard` varchar(255) DEFAULT NULL,
  `spec_mouse` varchar(255) DEFAULT NULL,
  PRIMARY KEY (`spec_id`)
) ENGINE=InnoDB  DEFAULT CHARSET=latin1 AUTO_INCREMENT=169 ;

--
-- Dumping data for table `invent_sub_stuff_spec`
--

INSERT INTO `invent_sub_stuff_spec` (`spec_id`, `sub_stuff_id`, `spec_table`, `spec_processor`, `spec_ram`, `spec_harddisk`, `spec_operating_system`, `spec_computer_name`, `spec_ip_address`, `spec_vga_card`, `spec_lan_card`, `spec_dvd_rom`, `spec_monitor`, `spec_keyboard`, `spec_mouse`) VALUES
(31, 365, 'B-01', 'Intel(R) Core(TM) i5-3470 CPU @ 3.20GHz (4 CPUs), ~3.2GHz', '4 GB DDR 3', '500 GB', 'Windows 10 Enterprise 64-bit', 'SI-1', '192.168.14.11', 0, 0, 'LG M.DISC Super Multi', 'LG FLATRON E1951T - BN', 'Logitech', 'Logitech'),
(32, 366, 'B-02', 'Intel(R) Core(TM) i5-3470 CPU @ 3.20GHz (4 CPUs), ~3.2GHz', '4 GB DDR 3', '500 GB', 'Windows 10 Enterprise 64-bit', 'SI-2', '192.168.14.11', 0, 0, 'LG M.DISC Super Multi', 'LG FLATRON E1951T - BN', 'Logitech', 'Logitech'),
(33, 367, 'B-03', 'Intel(R) Core(TM) i5-3470 CPU @ 3.20GHz (4 CPUs), ~3.2GHz', '4 GB DDR 3', '500 GB', 'Windows 10 Enterprise 64-bit', 'SI-3', '192.168.14.11', 0, 0, 'LG M.DISC Super Multi', 'LG FLATRON E1951T - BN', 'Logitech', 'Logitech'),
(34, 368, 'B-04', 'Intel(R) Core(TM) i5-3470 CPU @ 3.20GHz (4 CPUs), ~3.2GHz', '4 GB DDR 3', '500 GB', 'Windows 10 Enterprise 64-bit', 'SI-4', '192.168.14.11', 0, 0, 'LG M.DISC Super Multi', 'LG FLATRON E1951T - BN', 'Logitech', 'Logitech'),
(35, 369, 'B-05', 'Intel(R) Core(TM) i5-3470 CPU @ 3.20GHz (4 CPUs), ~3.2GHz', '4 GB DDR 3', '500 GB', 'Windows 10 Enterprise 64-bit', 'SI-5', '192.168.14.11', 0, 0, 'LG M.DISC Super Multi', 'LG FLATRON E1951T - BN', 'Logitech', 'Logitech'),
(36, 370, 'B-06', 'Intel(R) Core(TM) i5-3470 CPU @ 3.20GHz (4 CPUs), ~3.2GHz', '4 GB DDR 3', '500 GB', 'Windows 10 Enterprise 64-bit', 'SI-6', '192.168.14.11', 0, 0, 'LG M.DISC Super Multi', 'LG FLATRON E1951T - BN', 'Logitech', 'Logitech'),
(37, 371, 'B-07', 'Intel(R) Core(TM) i5-3470 CPU @ 3.20GHz (4 CPUs), ~3.2GHz', '4 GB DDR 3', '500 GB', 'Windows 10 Enterprise 64-bit', 'SI-7', '192.168.14.11', 0, 0, 'LG M.DISC Super Multi', 'LG FLATRON E1951T - BN', 'Logitech', 'Logitech'),
(38, 372, 'B-08', 'Intel(R) Core(TM) i5-3470 CPU @ 3.20GHz (4 CPUs), ~3.2GHz', '4 GB DDR 3', '500 GB', 'Windows 10 Enterprise 64-bit', 'SI-8', '192.168.14.11', 0, 0, 'LG M.DISC Super Multi', 'LG FLATRON E1951T - BN', 'Logitech', 'Logitech'),
(39, 373, 'B-09', 'Intel(R) Core(TM) i5-3470 CPU @ 3.20GHz (4 CPUs), ~3.2GHz', '4 GB DDR 3', '500 GB', 'Windows 10 Enterprise 64-bit', 'SI-9', '192.168.14.11', 0, 0, 'LG M.DISC Super Multi', 'LG FLATRON E1951T - BN', 'Logitech', 'Logitech'),
(40, 374, 'B-10', 'Intel(R) Core(TM) i5-3470 CPU @ 3.20GHz (4 CPUs), ~3.2GHz', '4 GB DDR 3', '500 GB', 'Windows 10 Enterprise 64-bit', 'SI-10', '192.168.14.11', 0, 0, 'LG M.DISC Super Multi', 'LG FLATRON E1951T - BN', 'Logitech', 'Logitech'),
(41, 375, 'B-11', 'Intel(R) Core(TM) i5-3470 CPU @ 3.20GHz (4 CPUs), ~3.2GHz', '4 GB DDR 3', '500 GB', 'Windows 10 Enterprise 64-bit', 'SI-11', '192.168.14.11', 0, 0, 'LG M.DISC Super Multi', 'LG FLATRON E1951T - BN', 'Logitech', 'Logitech'),
(42, 376, 'B-12', 'Intel(R) Core(TM) i5-3470 CPU @ 3.20GHz (4 CPUs), ~3.2GHz', '4 GB DDR 3', '500 GB', 'Windows 10 Enterprise 64-bit', 'SI-12', '192.168.14.11', 0, 0, 'LG M.DISC Super Multi', 'LG FLATRON E1951T - BN', 'Logitech', 'Logitech'),
(43, 377, 'B-13', 'Intel(R) Core(TM) i5-3470 CPU @ 3.20GHz (4 CPUs), ~3.2GHz', '4 GB DDR 3', '500 GB', 'Windows 10 Enterprise 64-bit', 'SI-13', '192.168.14.11', 0, 0, 'LG M.DISC Super Multi', 'LG FLATRON E1951T - BN', 'Logitech', 'Logitech'),
(44, 378, 'B-14', 'Intel(R) Core(TM) i5-3470 CPU @ 3.20GHz (4 CPUs), ~3.2GHz', '4 GB DDR 3', '500 GB', 'Windows 10 Enterprise 64-bit', 'SI-14', '192.168.14.11', 0, 0, 'LG M.DISC Super Multi', 'LG FLATRON E1951T - BN', 'Logitech', 'Logitech'),
(45, 379, 'B-15', 'Intel(R) Core(TM) i5-3470 CPU @ 3.20GHz (4 CPUs), ~3.2GHz', '4 GB DDR 3', '500 GB', 'Windows 10 Enterprise 64-bit', 'SI-15', '192.168.14.11', 0, 0, 'LG M.DISC Super Multi', 'LG FLATRON E1951T - BN', 'Logitech', 'Logitech'),
(46, 380, 'B-16', 'Intel(R) Core(TM) i5-3470 CPU @ 3.20GHz (4 CPUs), ~3.2GHz', '4 GB DDR 3', '500 GB', 'Windows 10 Enterprise 64-bit', 'SI-16', '192.168.14.11', 0, 0, 'LG M.DISC Super Multi', 'LG FLATRON E1951T - BN', 'Logitech', 'Logitech'),
(47, 381, 'B-17', 'Intel(R) Core(TM) i5-3470 CPU @ 3.20GHz (4 CPUs), ~3.2GHz', '4 GB DDR 3', '500 GB', 'Windows 10 Enterprise 64-bit', 'SI-17', '192.168.14.11', 0, 0, 'LG M.DISC Super Multi', 'LG FLATRON E1951T - BN', 'Logitech', 'Logitech'),
(48, 382, 'B-18', 'Intel(R) Core(TM) i5-3470 CPU @ 3.20GHz (4 CPUs), ~3.2GHz', '4 GB DDR 3', '500 GB', 'Windows 10 Enterprise 64-bit', 'SI-18', '192.168.14.11', 0, 0, 'LG M.DISC Super Multi', 'LG FLATRON E1951T - BN', 'Logitech', 'Logitech'),
(49, 383, 'B-19', 'Intel(R) Core(TM) i5-3470 CPU @ 3.20GHz (4 CPUs), ~3.2GHz', '4 GB DDR 3', '500 GB', 'Windows 10 Enterprise 64-bit', 'SI-19', '192.168.14.11', 0, 0, 'LG M.DISC Super Multi', 'LG FLATRON E1951T - BN', 'Logitech', 'Logitech'),
(50, 384, 'B-20', 'Intel(R) Core(TM) i5-3470 CPU @ 3.20GHz (4 CPUs), ~3.2GHz', '4 GB DDR 3', '500 GB', 'Windows 10 Enterprise 64-bit', 'SI-20', '192.168.14.11', 0, 0, 'LG M.DISC Super Multi', 'LG FLATRON E1951T - BN', 'Logitech', 'Logitech'),
(51, 385, 'B-21', 'Intel(R) Core(TM) i5-3470 CPU @ 3.20GHz (4 CPUs), ~3.2GHz', '4 GB DDR 3', '500 GB', 'Windows 10 Enterprise 64-bit', 'SI-21', '192.168.14.11', 0, 0, 'LG M.DISC Super Multi', 'LG FLATRON E1951T - BN', 'Logitech', 'Logitech'),
(52, 386, 'B-22', 'Intel(R) Core(TM) i5-3470 CPU @ 3.20GHz (4 CPUs), ~3.2GHz', '4 GB DDR 3', '500 GB', 'Windows 10 Enterprise 64-bit', 'SI-22', '192.168.14.11', 0, 0, 'LG M.DISC Super Multi', 'LG FLATRON E1951T - BN', 'Logitech', 'Logitech'),
(53, 387, 'B-23', 'Intel(R) Core(TM) i5-3470 CPU @ 3.20GHz (4 CPUs), ~3.2GHz', '4 GB DDR 3', '500 GB', 'Windows 10 Enterprise 64-bit', 'SI-23', '192.168.14.11', 0, 0, 'LG M.DISC Super Multi', 'LG FLATRON E1951T - BN', 'Logitech', 'Logitech'),
(54, 388, 'B-24', 'Intel(R) Core(TM) i5-3470 CPU @ 3.20GHz (4 CPUs), ~3.2GHz', '4 GB DDR 3', '500 GB', 'Windows 10 Enterprise 64-bit', 'SI-24', '192.168.14.11', 0, 0, 'LG M.DISC Super Multi', 'LG FLATRON E1951T - BN', 'Logitech', 'Logitech'),
(55, 389, 'B-25', 'Intel(R) Core(TM) i5-3470 CPU @ 3.20GHz (4 CPUs), ~3.2GHz', '4 GB DDR 3', '500 GB', 'Windows 10 Enterprise 64-bit', 'SI-25', '192.168.14.11', 0, 0, 'LG M.DISC Super Multi', 'LG FLATRON E1951T - BN', 'Logitech', 'Logitech'),
(56, 390, 'RTC-Dosen', 'Intel(R) Core(TM) i5-3470 CPU @ 3.20GHz (4 CPUs), ~3.2GHz', '4 GB DDR 3', '500 GB', 'Windows 10 Enterprise 64-bit', 'RTC-PC', '10.10.30.75', 0, 0, '', 'LG FLATRON E1951T - BN', 'Logitech', 'Logitech'),
(57, 416, 'A-01', 'Intel(R) Core(TM) i3-3240 CPU @ 3.40GHz (4 CPUs), ~3.4GHz', '4 GB DDR 3', '1 TB', 'Windows 10 Enterprise 64-bit', 'JARKOM-1', '', 0, 0, 'LG M.DISC Super Multi', 'LG 19M35A - B', 'Logitech', 'Logitech'),
(58, 417, 'A-02', 'Intel(R) Core(TM) i3-3240 CPU @ 3.40GHz (4 CPUs), ~3.4GHz', '4 GB DDR 3', '1 TB', 'Windows 10 Enterprise 64-bit', 'JARKOM-2', '', 0, 0, 'LG M.DISC Super Multi', 'LG 19M35A - B', 'Logitech', 'Logitech'),
(59, 418, 'A-03', 'Intel(R) Core(TM) i3-3240 CPU @ 3.40GHz (4 CPUs), ~3.4GHz', '4 GB DDR 3', '1 TB', 'Windows 10 Enterprise 64-bit', 'JARKOM-3', '', 0, 0, 'LG M.DISC Super Multi', 'LG 19M35A - B', 'Logitech', 'Logitech'),
(60, 419, 'A-04', 'Intel(R) Core(TM) i3-3240 CPU @ 3.40GHz (4 CPUs), ~3.4GHz', '4 GB DDR 3', '1 TB', 'Windows 10 Enterprise 64-bit', 'JARKOM-4', '', 0, 0, 'LG M.DISC Super Multi', 'LG 19M35A - B', 'Logitech', 'Logitech'),
(61, 420, 'A-05', 'Intel(R) Core(TM) i3-3240 CPU @ 3.40GHz (4 CPUs), ~3.4GHz', '4 GB DDR 3', '1 TB', 'Windows 10 Enterprise 64-bit', 'JARKOM-5', '', 0, 0, 'LG M.DISC Super Multi', 'LG 19M35A - B', 'Logitech', 'Logitech'),
(62, 421, 'A-06', 'Intel(R) Core(TM) i3-3240 CPU @ 3.40GHz (4 CPUs), ~3.4GHz', '4 GB DDR 3', '1 TB', 'Windows 10 Enterprise 64-bit', 'JARKOM-6', '', 0, 0, 'LG M.DISC Super Multi', 'LG 19M35A - B', 'Logitech', 'Logitech'),
(63, 422, 'A-07', 'Intel(R) Core(TM) i3-3240 CPU @ 3.40GHz (4 CPUs), ~3.4GHz', '4 GB DDR 3', '1 TB', 'Windows 10 Enterprise 64-bit', 'JARKOM-7', '', 0, 0, 'LG M.DISC Super Multi', 'LG 19M35A - B', 'Logitech', 'Logitech'),
(64, 423, 'A-08', 'Intel(R) Core(TM) i3-3240 CPU @ 3.40GHz (4 CPUs), ~3.4GHz', '4 GB DDR 3', '1 TB', 'Windows 10 Enterprise 64-bit', 'JARKOM-8', '', 0, 0, 'LG M.DISC Super Multi', 'LG 19M35A - B', 'Logitech', 'Logitech'),
(65, 424, 'A-09', 'Intel(R) Core(TM) i3-3240 CPU @ 3.40GHz (4 CPUs), ~3.4GHz', '4 GB DDR 3', '1 TB', 'Windows 10 Enterprise 64-bit', 'JARKOM-9', '', 0, 0, 'LG M.DISC Super Multi', 'LG 19M35A - B', 'Logitech', 'Logitech'),
(66, 425, 'A-10', 'Intel(R) Core(TM) i3-3240 CPU @ 3.40GHz (4 CPUs), ~3.4GHz', '4 GB DDR 3', '1 TB', 'Windows 10 Enterprise 64-bit', 'JARKOM-10', '', 0, 0, 'LG M.DISC Super Multi', 'LG 19M35A - B', 'Logitech', 'Logitech'),
(67, 426, 'A-11', 'Intel(R) Core(TM) i3-3240 CPU @ 3.40GHz (4 CPUs), ~3.4GHz', '4 GB DDR 3', '1 TB', 'Windows 10 Enterprise 64-bit', 'JARKOM-11', '', 0, 0, 'LG M.DISC Super Multi', 'LG 19M35A - B', 'Logitech', 'Logitech'),
(68, 427, 'A-12', 'Intel(R) Core(TM) i3-3240 CPU @ 3.40GHz (4 CPUs), ~3.4GHz', '4 GB DDR 3', '1 TB', 'Windows 10 Enterprise 64-bit', 'JARKOM-12', '', 0, 0, 'LG M.DISC Super Multi', 'LG 19M35A - B', 'Logitech', 'Logitech'),
(69, 428, 'A-13', 'Intel(R) Core(TM) i3-3240 CPU @ 3.40GHz (4 CPUs), ~3.4GHz', '4 GB DDR 3', '1 TB', 'Windows 10 Enterprise 64-bit', 'JARKOM-13', '', 0, 0, 'LG M.DISC Super Multi', 'LG 19M35A - B', 'Logitech', 'Logitech'),
(70, 429, 'A-14', 'Intel(R) Core(TM) i3-3240 CPU @ 3.40GHz (4 CPUs), ~3.4GHz', '4 GB DDR 3', '1 TB', 'Windows 10 Enterprise 64-bit', 'JARKOM-14', '', 0, 0, 'LG M.DISC Super Multi', 'LG 19M35A - B', 'Logitech', 'Logitech'),
(71, 430, 'A-15', 'Intel(R) Core(TM) i3-3240 CPU @ 3.40GHz (4 CPUs), ~3.4GHz', '4 GB DDR 3', '1 TB', 'Windows 10 Enterprise 64-bit', 'JARKOM-15', '', 0, 0, 'LG M.DISC Super Multi', 'LG 19M35A - B', 'Logitech', 'Logitech'),
(72, 431, 'A-16', 'Intel(R) Core(TM) i3-3240 CPU @ 3.40GHz (4 CPUs), ~3.4GHz', '4 GB DDR 3', '1 TB', 'Windows 10 Enterprise 64-bit', 'JARKOM-16', '', 0, 0, 'LG M.DISC Super Multi', 'LG 19M35A - B', 'Logitech', 'Logitech'),
(73, 432, 'A-17', 'Intel(R) Core(TM) i3-3240 CPU @ 3.40GHz (4 CPUs), ~3.4GHz', '4 GB DDR 3', '1 TB', 'Windows 10 Enterprise 64-bit', 'JARKOM-17', '', 0, 0, 'LG M.DISC Super Multi', 'LG 19M35A - B', 'Logitech', 'Logitech'),
(74, 433, 'A-18', 'Intel(R) Core(TM) i3-3240 CPU @ 3.40GHz (4 CPUs), ~3.4GHz', '4 GB DDR 3', '1 TB', 'Windows 10 Enterprise 64-bit', 'JARKOM-18', '', 0, 0, 'LG M.DISC Super Multi', 'LG 19M35A - B', 'Logitech', 'Logitech'),
(75, 434, 'A-19', 'Intel(R) Core(TM) i3-3240 CPU @ 3.40GHz (4 CPUs), ~3.4GHz', '4 GB DDR 3', '1 TB', 'Windows 10 Enterprise 64-bit', 'JARKOM-19', '', 0, 0, 'LG M.DISC Super Multi', 'LG 19M35A - B', 'Logitech', 'Logitech'),
(76, 435, 'A-20', 'Intel(R) Core(TM) i3-3240 CPU @ 3.40GHz (4 CPUs), ~3.4GHz', '4 GB DDR 3', '1 TB', 'Windows 10 Enterprise 64-bit', 'JARKOM-20', '', 0, 0, 'LG M.DISC Super Multi', 'LG 19M35A - B', 'Logitech', 'Logitech'),
(77, 436, 'A-Dosen', 'Intel(R) Core(TM) i3-3240 CPU @ 3.40GHz (4 CPUs), ~3.4GHz', '4 GB DDR 3', '1 TB', 'Windows 10 Enterprise 64-bit', 'JARKOM-Dosen', '', 0, 0, 'LG M.DISC Super Multi', 'LG 19M35A - B', 'Logitech', 'Logitech'),
(78, 437, 'B-Dosen', 'Intel(R) Core(TM) i3-3240 CPU @ 3.40GHz (4 CPUs), ~3.4GHz', '4 GB DDR 3', '1 TB', 'Windows 10 Enterprise 64-bit', 'SI-Dosen', '', 0, 0, 'LG M.DISC Super Multi', 'LG 19M35A - B', 'Logitech', 'Logitech'),
(79, 438, 'A-23', 'Intel(R) Core(TM) i3-3240 CPU @ 3.40GHz (4 CPUs), ~3.4GHz', '4 GB DDR 3', '1 TB', 'Windows 10 Enterprise 64-bit', 'JARKOM-23', '', 0, 0, 'LG M.DISC Super Multi', 'LG 19M35A - B', 'Logitech', 'Logitech'),
(80, 439, 'A-24', 'Intel(R) Core(TM) i3-3240 CPU @ 3.40GHz (4 CPUs), ~3.4GHz', '4 GB DDR 3', '1 TB', 'Windows 10 Enterprise 64-bit', 'JARKOM-24', '', 0, 0, 'LG M.DISC Super Multi', 'LG 19M35A - B', 'Logitech', 'Logitech'),
(81, 440, 'A-25', 'Intel(R) Core(TM) i3-3240 CPU @ 3.40GHz (4 CPUs), ~3.4GHz', '4 GB DDR 3', '1 TB', 'Windows 10 Enterprise 64-bit', 'JARKOM-25', '', 0, 0, 'LG M.DISC Super Multi', 'LG 19M35A - B', 'Logitech', 'Logitech'),
(82, 463, 'A-01', 'Intel(R) Core(TM) i3-2100 CPU @ 3.10GHz (4 CPUs), ~3.1GHz', '4 GB DDR 3', '500 GB', 'Windows 8.1 Pro 64-bit', 'DAMG-1', '', 0, 0, '', 'Acer P166HQL', 'Logitech', 'Logitech'),
(83, 464, 'A-02', 'Intel(R) Core(TM) i3-2100 CPU @ 3.10GHz (4 CPUs), ~3.1GHz', '4 GB DDR 3', '500 GB', 'Windows 8.1 Pro 64-bit', 'DAMG-2', '', 0, 0, '', 'Acer P166HQL', 'Logitech', 'Logitech'),
(84, 465, 'A-03', 'Intel(R) Core(TM) i3-2100 CPU @ 3.10GHz (4 CPUs), ~3.1GHz', '4 GB DDR 3', '500 GB', 'Windows 8.1 Pro 64-bit', 'DAMG-3', '', 0, 0, '', 'Acer P166HQL', 'Logitech', 'Logitech'),
(85, 466, 'A-04', 'Intel(R) Core(TM) i3-2100 CPU @ 3.10GHz (4 CPUs), ~3.1GHz', '4 GB DDR 3', '500 GB', 'Windows 8.1 Pro 64-bit', 'DAMG-4', '', 0, 0, '', 'Acer P166HQL', 'Logitech', 'Logitech'),
(86, 467, 'A-05', 'Intel(R) Core(TM) i3-2100 CPU @ 3.10GHz (4 CPUs), ~3.1GHz', '4 GB DDR 3', '500 GB', 'Windows 8.1 Pro 64-bit', 'DAMG-5', '', 0, 0, '', 'Acer P166HQL', 'Logitech', 'Logitech'),
(87, 468, 'A-06', 'Intel(R) Core(TM) i3-2100 CPU @ 3.10GHz (4 CPUs), ~3.1GHz', '4 GB DDR 3', '500 GB', 'Windows 8.1 Pro 64-bit', 'DAMG-6', '', 0, 0, '', 'Acer P166HQL', 'Logitech', 'Logitech'),
(88, 469, 'A-07', 'Intel(R) Core(TM) i3-2100 CPU @ 3.10GHz (4 CPUs), ~3.1GHz', '4 GB DDR 3', '500 GB', 'Windows 8.1 Pro 64-bit', 'DAMG-7', '', 0, 0, '', 'Acer P166HQL', 'Logitech', 'Logitech'),
(89, 470, 'A-08', 'Intel(R) Core(TM) i3-2100 CPU @ 3.10GHz (4 CPUs), ~3.1GHz', '4 GB DDR 3', '500 GB', 'Windows 8.1 Pro 64-bit', 'DAMG-8', '', 0, 0, '', 'Acer P166HQL', 'Logitech', 'Logitech'),
(90, 471, 'A-09', 'Intel(R) Core(TM) i3-2100 CPU @ 3.10GHz (4 CPUs), ~3.1GHz', '4 GB DDR 3', '500 GB', 'Windows 8.1 Pro 64-bit', 'DAMG-9', '', 0, 0, '', 'Acer P166HQL', 'Logitech', 'Logitech'),
(91, 472, 'A-10', 'Intel(R) Core(TM) i3-2100 CPU @ 3.10GHz (4 CPUs), ~3.1GHz', '4 GB DDR 3', '500 GB', 'Windows 8.1 Pro 64-bit', 'DAMG-10', '', 0, 0, '', 'Acer P166HQL', 'Logitech', 'Logitech'),
(92, 473, 'A-11', 'Intel(R) Core(TM) i3-2100 CPU @ 3.10GHz (4 CPUs), ~3.1GHz', '4 GB DDR 3', '500 GB', 'Windows 8.1 Pro 64-bit', 'DAMG-11', '', 0, 0, '', 'Acer P166HQL', 'Logitech', 'Logitech'),
(93, 474, 'A-12', 'Intel(R) Core(TM) i3-2100 CPU @ 3.10GHz (4 CPUs), ~3.1GHz', '4 GB DDR 3', '500 GB', 'Windows 8.1 Pro 64-bit', 'DAMG-12', '', 0, 0, '', 'Acer P166HQL', 'Logitech', 'Logitech'),
(94, 475, 'A-13', 'Intel(R) Core(TM) i3-2100 CPU @ 3.10GHz (4 CPUs), ~3.1GHz', '4 GB DDR 3', '500 GB', 'Windows 8.1 Pro 64-bit', 'DAMG-13', '', 0, 0, '', 'Acer P166HQL', 'Logitech', 'Logitech'),
(95, 476, 'A-14', 'Intel(R) Core(TM) i3-2100 CPU @ 3.10GHz (4 CPUs), ~3.1GHz', '4 GB DDR 3', '500 GB', 'Windows 8.1 Pro 64-bit', 'DAMG-14', '', 0, 0, '', 'Acer P166HQL', 'Logitech', 'Logitech'),
(96, 477, 'A-15', 'Intel(R) Core(TM) i3-2100 CPU @ 3.10GHz (4 CPUs), ~3.1GHz', '4 GB DDR 3', '500 GB', 'Windows 8.1 Pro 64-bit', 'DAMG-15', '', 0, 0, '', 'Acer P166HQL', 'Logitech', 'Logitech'),
(97, 478, 'A-16', 'Intel(R) Core(TM) i3-2100 CPU @ 3.10GHz (4 CPUs), ~3.1GHz', '4 GB DDR 3', '500 GB', 'Windows 8.1 Pro 64-bit', 'DAMG-16', '', 0, 0, '', 'Acer P166HQL', 'Logitech', 'Logitech'),
(98, 479, 'A-17', 'Intel(R) Core(TM) i3-2100 CPU @ 3.10GHz (4 CPUs), ~3.1GHz', '4 GB DDR 3', '500 GB', 'Windows 8.1 Pro 64-bit', 'DAMG-17', '', 0, 0, '', 'Acer P166HQL', 'Logitech', 'Logitech'),
(99, 480, 'A-18', 'Intel(R) Core(TM) i3-2100 CPU @ 3.10GHz (4 CPUs), ~3.1GHz', '4 GB DDR 3', '500 GB', 'Windows 8.1 Pro 64-bit', 'DAMG-18', '', 0, 0, '', 'Acer P166HQL', 'Logitech', 'Logitech'),
(100, 481, 'A-19', 'Intel(R) Core(TM) i3-2100 CPU @ 3.10GHz (4 CPUs), ~3.1GHz', '4 GB DDR 3', '500 GB', 'Windows 8.1 Pro 64-bit', 'DAMG-19', '', 0, 0, '', 'Acer P166HQL', 'Logitech', 'Logitech'),
(101, 482, 'A-20', 'Intel(R) Core(TM) i3-2100 CPU @ 3.10GHz (4 CPUs), ~3.1GHz', '4 GB DDR 3', '500 GB', 'Windows 8.1 Pro 64-bit', 'DAMG-20', '', 0, 0, '', 'Acer P166HQL', 'Logitech', 'Logitech'),
(102, 483, 'A-21', 'Intel(R) Core(TM) i3-2100 CPU @ 3.10GHz (4 CPUs), ~3.1GHz', '4 GB DDR 3', '500 GB', 'Windows 8.1 Pro 64-bit', 'DAMG-21', '', 0, 0, '', 'Acer P166HQL', 'Logitech', 'Logitech'),
(103, 484, 'A-22', 'Intel(R) Core(TM) i3-2100 CPU @ 3.10GHz (4 CPUs), ~3.1GHz', '4 GB DDR 3', '500 GB', 'Windows 8.1 Pro 64-bit', 'DAMG-22', '', 0, 0, '', 'Acer P166HQL', 'Logitech', 'Logitech'),
(104, 485, 'A-23', 'Intel(R) Core(TM) i3-2100 CPU @ 3.10GHz (4 CPUs), ~3.1GHz', '4 GB DDR 3', '500 GB', 'Windows 8.1 Pro 64-bit', 'DAMG-23', '', 0, 0, '', 'Acer P166HQL', 'Logitech', 'Logitech'),
(105, 486, 'A-24', 'Intel(R) Core(TM) i3-2100 CPU @ 3.10GHz (4 CPUs), ~3.1GHz', '4 GB DDR 3', '500 GB', 'Windows 8.1 Pro 64-bit', 'DAMG-24', '', 0, 0, '', 'Acer P166HQL', 'Logitech', 'Logitech'),
(106, 487, 'A-25', 'Intel(R) Core(TM) i3-2100 CPU @ 3.10GHz (4 CPUs), ~3.1GHz', '4 GB DDR 3', '500 GB', 'Windows 8.1 Pro 64-bit', 'DAMG-25', '', 0, 0, '', 'Acer P166HQL', 'Logitech', 'Logitech'),
(107, 488, 'A-Dosen', 'Intel(R) Core(TM) i3-2100 CPU @ 3.10GHz (4 CPUs), ~3.1GHz', '4 GB DDR 3', '500 GB', 'Windows 8.1 Pro 64-bit', 'DAMG-Dosen', '', 0, 0, '', 'Acer P166HQL', 'Logitech', 'Logitech'),
(108, 489, 'B-01', 'Intel(R) Core(TM) i3-2100 CPU @ 3.10GHz (4 CPUs), ~3.1GHz', '4 GB DDR 3', '500 GB', 'Windows 10 Enterprise 64-bit (10.0, Build 10240)', 'RPL-1', '', 0, 0, '', 'LG Flatron E1641', 'Logitech', 'Logitech'),
(109, 490, 'B-02', 'Intel(R) Core(TM) i3-2100 CPU @ 3.10GHz (4 CPUs), ~3.1GHz', '4 GB DDR 3', '500 GB', 'Windows 10 Enterprise 64-bit (10.0, Build 10240)', 'RPL-2', '', 0, 0, '', 'LG Flatron E1641', 'Logitech', 'Logitech'),
(110, 491, 'B-03', 'Intel(R) Core(TM) i3-2100 CPU @ 3.10GHz (4 CPUs), ~3.1GHz', '4 GB DDR 3', '500 GB', 'Windows 10 Enterprise 64-bit (10.0, Build 10240)', 'RPL-3', '', 0, 0, '', 'LG Flatron E1641', 'Logitech', 'Logitech'),
(111, 492, 'B-04', 'Intel(R) Core(TM) i3-2100 CPU @ 3.10GHz (4 CPUs), ~3.1GHz', '4 GB DDR 3', '500 GB', 'Windows 10 Enterprise 64-bit (10.0, Build 10240)', 'RPL-4', '', 0, 0, '', 'LG Flatron E1641', 'Logitech', 'Logitech'),
(112, 493, 'B-05', 'Intel(R) Core(TM) i3-2100 CPU @ 3.10GHz (4 CPUs), ~3.1GHz', '4 GB DDR 3', '500 GB', 'Windows 10 Enterprise 64-bit (10.0, Build 10240)', 'RPL-5', '', 0, 0, '', 'LG Flatron E1641', 'Logitech', 'Logitech'),
(113, 494, 'B-06', 'Intel(R) Core(TM) i3-2100 CPU @ 3.10GHz (4 CPUs), ~3.1GHz', '4 GB DDR 3', '500 GB', 'Windows 10 Enterprise 64-bit (10.0, Build 10240)', 'RPL-6', '', 0, 0, '', 'LG Flatron E1641', 'Logitech', 'Logitech'),
(114, 495, 'B-07', 'Intel(R) Core(TM) i3-2100 CPU @ 3.10GHz (4 CPUs), ~3.1GHz', '4 GB DDR 3', '500 GB', 'Windows 10 Enterprise 64-bit (10.0, Build 10240)', 'RPL-7', '', 0, 0, '', 'LG Flatron E1641', 'Logitech', 'Logitech'),
(115, 496, 'B-08', 'Intel(R) Core(TM) i3-2100 CPU @ 3.10GHz (4 CPUs), ~3.1GHz', '4 GB DDR 3', '500 GB', 'Windows 10 Enterprise 64-bit (10.0, Build 10240)', 'RPL-8', '', 0, 0, '', 'LG Flatron E1641', 'Logitech', 'Logitech'),
(116, 497, 'B-09', 'Intel(R) Core(TM) i3-2100 CPU @ 3.10GHz (4 CPUs), ~3.1GHz', '4 GB DDR 3', '500 GB', 'Windows 10 Enterprise 64-bit (10.0, Build 10240)', 'RPL-9', '', 0, 0, '', 'LG Flatron E1641', 'Logitech', 'Logitech'),
(117, 498, 'B-10', 'Intel(R) Core(TM) i3-2100 CPU @ 3.10GHz (4 CPUs), ~3.1GHz', '4 GB DDR 3', '500 GB', 'Windows 10 Enterprise 64-bit (10.0, Build 10240)', 'RPL-10', '', 0, 0, '', 'LG Flatron E1641', 'Logitech', 'Logitech'),
(118, 499, 'B-11', 'Intel(R) Core(TM) i3-2100 CPU @ 3.10GHz (4 CPUs), ~3.1GHz', '4 GB DDR 3', '500 GB', 'Windows 10 Enterprise 64-bit (10.0, Build 10240)', 'RPL-11', '', 0, 0, '', 'LG Flatron E1641', 'Logitech', 'Logitech'),
(119, 500, 'B-12', 'Intel(R) Core(TM) i3-2100 CPU @ 3.10GHz (4 CPUs), ~3.1GHz', '4 GB DDR 3', '500 GB', 'Windows 10 Enterprise 64-bit (10.0, Build 10240)', 'RPL-12', '', 0, 0, '', 'LG Flatron E1641', 'Logitech', 'Logitech'),
(120, 501, 'B-13', 'Intel(R) Core(TM) i3-2100 CPU @ 3.10GHz (4 CPUs), ~3.1GHz', '4 GB DDR 3', '500 GB', 'Windows 10 Enterprise 64-bit (10.0, Build 10240)', 'RPL-13', '', 0, 0, '', 'LG Flatron E1641', 'Logitech', 'Logitech'),
(121, 502, 'B-14', 'Intel(R) Core(TM) i3-2100 CPU @ 3.10GHz (4 CPUs), ~3.1GHz', '4 GB DDR 3', '500 GB', 'Windows 10 Enterprise 64-bit (10.0, Build 10240)', 'RPL-14', '', 0, 0, '', 'LG Flatron E1641', 'Logitech', 'Logitech'),
(122, 503, 'B-15', 'Intel(R) Core(TM) i3-2100 CPU @ 3.10GHz (4 CPUs), ~3.1GHz', '4 GB DDR 3', '500 GB', 'Windows 10 Enterprise 64-bit (10.0, Build 10240)', 'RPL-15', '', 0, 0, '', 'LG Flatron E1641', 'Logitech', 'Logitech'),
(123, 504, 'B-16', 'Intel(R) Core(TM) i3-2100 CPU @ 3.10GHz (4 CPUs), ~3.1GHz', '4 GB DDR 3', '500 GB', 'Windows 10 Enterprise 64-bit (10.0, Build 10240)', 'RPL-16', '', 0, 0, '', 'LG Flatron E1641', 'Logitech', 'Logitech'),
(124, 505, 'B-17', 'Intel(R) Core(TM) i3-2100 CPU @ 3.10GHz (4 CPUs), ~3.1GHz', '4 GB DDR 3', '500 GB', 'Windows 10 Enterprise 64-bit (10.0, Build 10240)', 'RPL-17', '', 0, 0, '', 'LG Flatron E1641', 'Logitech', 'Logitech'),
(125, 506, 'B-18', 'Intel(R) Core(TM) i3-2100 CPU @ 3.10GHz (4 CPUs), ~3.1GHz', '4 GB DDR 3', '500 GB', 'Windows 10 Enterprise 64-bit (10.0, Build 10240)', 'RPL-18', '', 0, 0, '', 'LG Flatron E1641', 'Logitech', 'Logitech'),
(126, 507, 'B-19', 'Intel(R) Core(TM) i3-2100 CPU @ 3.10GHz (4 CPUs), ~3.1GHz', '4 GB DDR 3', '500 GB', 'Windows 10 Enterprise 64-bit (10.0, Build 10240)', 'RPL-19', '', 0, 0, '', 'LG Flatron E1641', 'Logitech', 'Logitech'),
(127, 508, 'B-20', 'Intel(R) Core(TM) i3-2100 CPU @ 3.10GHz (4 CPUs), ~3.1GHz', '4 GB DDR 3', '500 GB', 'Windows 10 Enterprise 64-bit (10.0, Build 10240)', 'RPL-20', '', 0, 0, '', 'LG Flatron E1641', 'Logitech', 'Logitech'),
(128, 509, 'B-21', 'Intel(R) Core(TM) i3-2100 CPU @ 3.10GHz (4 CPUs), ~3.1GHz', '4 GB DDR 3', '500 GB', 'Windows 10 Enterprise 64-bit (10.0, Build 10240)', 'RPL-21', '', 0, 0, '', 'LG Flatron E1641', 'Logitech', 'Logitech'),
(129, 510, 'B-22', 'Intel(R) Core(TM) i3-2100 CPU @ 3.10GHz (4 CPUs), ~3.1GHz', '4 GB DDR 3', '500 GB', 'Windows 10 Enterprise 64-bit (10.0, Build 10240)', 'RPL-22', '', 0, 0, '', 'LG Flatron E1641', 'Logitech', 'Logitech'),
(130, 511, 'B-23', 'Intel(R) Core(TM) i3-2100 CPU @ 3.10GHz (4 CPUs), ~3.1GHz', '4 GB DDR 3', '500 GB', 'Windows 10 Enterprise 64-bit (10.0, Build 10240)', 'RPL-23', '', 0, 0, '', 'LG Flatron E1641', 'Logitech', 'Logitech'),
(131, 512, 'B-24', 'Intel(R) Core(TM) i3-2100 CPU @ 3.10GHz (4 CPUs), ~3.1GHz', '4 GB DDR 3', '500 GB', 'Windows 10 Enterprise 64-bit (10.0, Build 10240)', 'RPL-24', '', 0, 0, '', 'LG Flatron E1641', 'Logitech', 'Logitech'),
(132, 513, 'B-25', 'Intel(R) Core(TM) i3-2100 CPU @ 3.10GHz (4 CPUs), ~3.1GHz', '4 GB DDR 3', '500 GB', 'Windows 10 Enterprise 64-bit (10.0, Build 10240)', 'RPL-25', '', 0, 0, '', 'LG Flatron E1641', 'Logitech', 'Logitech'),
(133, 514, 'B-Dosen', 'Intel(R) Core(TM) i3-2100 CPU @ 3.10GHz (4 CPUs), ~3.1GHz', '4 GB DDR 3', '500 GB', 'Windows 10 Enterprise 64-bit (10.0, Build 10240)', 'RPL-Dosen', '', 0, 0, '', 'LG Flatron E1641', 'Logitech', 'Logitech'),
(134, 559, 'A-01', 'Intel(R) Core(TM) i3-4150 CPU @ 3.50GHz (4 CPUs), ~3.5GHz', '4 GB DDR 3', '500 GB', 'Windows 8.1 Pro 64-bit (6.3, Build 9600)', 'SISARKOM-1', '', 0, 0, '', 'LG LED 20M37A', 'Logitech', 'Logitech'),
(135, 560, 'A-02', 'Intel(R) Core(TM) i3-4150 CPU @ 3.50GHz (4 CPUs), ~3.5GHz', '4 GB DDR 3', '500 GB', 'Windows 8.1 Pro 64-bit (6.3, Build 9600)', 'SISARKOM-2', '', 0, 0, '', 'LG LED 20M37A', 'Logitech', 'Logitech'),
(136, 561, 'A-03', 'Intel(R) Core(TM) i3-4150 CPU @ 3.50GHz (4 CPUs), ~3.5GHz', '4 GB DDR 3', '500 GB', 'Windows 8.1 Pro 64-bit (6.3, Build 9600)', 'SISARKOM-3', '', 0, 0, '', 'LG LED 20M37A', 'Logitech', 'Logitech'),
(137, 562, 'A-04', 'Intel(R) Core(TM) i3-4150 CPU @ 3.50GHz (4 CPUs), ~3.5GHz', '4 GB DDR 3', '500 GB', 'Windows 8.1 Pro 64-bit (6.3, Build 9600)', 'SISARKOM-4', '', 0, 0, '', 'LG LED 20M37A', 'Logitech', 'Logitech'),
(138, 563, 'A-05', 'Intel(R) Core(TM) i3-4150 CPU @ 3.50GHz (4 CPUs), ~3.5GHz', '4 GB DDR 3', '500 GB', 'Windows 8.1 Pro 64-bit (6.3, Build 9600)', 'SISARKOM-5', '', 0, 0, '', 'LG LED 20M37A', 'Logitech', 'Logitech'),
(139, 564, 'A-06', 'Intel(R) Core(TM) i3-4150 CPU @ 3.50GHz (4 CPUs), ~3.5GHz', '4 GB DDR 3', '500 GB', 'Windows 8.1 Pro 64-bit (6.3, Build 9600)', 'SISARKOM-6', '', 0, 0, '', 'LG LED 20M37A', 'Logitech', 'Logitech'),
(140, 565, 'A-07', 'Intel(R) Core(TM) i3-4150 CPU @ 3.50GHz (4 CPUs), ~3.5GHz', '4 GB DDR 3', '500 GB', 'Windows 8.1 Pro 64-bit (6.3, Build 9600)', 'SISARKOM-7', '', 0, 0, '', 'LG LED 20M37A', 'Logitech', 'Logitech'),
(141, 566, 'A-08', 'Intel(R) Core(TM) i3-4150 CPU @ 3.50GHz (4 CPUs), ~3.5GHz', '4 GB DDR 3', '500 GB', 'Windows 8.1 Pro 64-bit (6.3, Build 9600)', 'SISARKOM-8', '', 0, 0, '', 'LG LED 20M37A', 'Logitech', 'Logitech'),
(142, 567, 'A-09', 'Intel(R) Core(TM) i3-4150 CPU @ 3.50GHz (4 CPUs), ~3.5GHz', '4 GB DDR 3', '500 GB', 'Windows 8.1 Pro 64-bit (6.3, Build 9600)', 'SISARKOM-9', '', 0, 0, '', 'LG LED 20M37A', 'Logitech', 'Logitech'),
(143, 568, 'A-10', 'Intel(R) Core(TM) i3-4150 CPU @ 3.50GHz (4 CPUs), ~3.5GHz', '4 GB DDR 3', '500 GB', 'Windows 8.1 Pro 64-bit (6.3, Build 9600)', 'SISARKOM-10', '', 0, 0, '', 'LG LED 20M37A', 'Logitech', 'Logitech'),
(144, 569, 'A-11', 'Intel(R) Core(TM) i3-4150 CPU @ 3.50GHz (4 CPUs), ~3.5GHz', '4 GB DDR 3', '500 GB', 'Windows 8.1 Pro 64-bit (6.3, Build 9600)', 'SISARKOM-11', '', 0, 0, '', 'LG LED 20M37A', 'Logitech', 'Logitech'),
(145, 570, 'A-12', 'Intel(R) Core(TM) i3-4150 CPU @ 3.50GHz (4 CPUs), ~3.5GHz', '4 GB DDR 3', '500 GB', 'Windows 8.1 Pro 64-bit (6.3, Build 9600)', 'SISARKOM-12', '', 0, 0, '', 'LG LED 20M37A', 'Logitech', 'Logitech'),
(146, 571, 'A-13', 'Intel(R) Core(TM) i3-4150 CPU @ 3.50GHz (4 CPUs), ~3.5GHz', '4 GB DDR 3', '500 GB', 'Windows 8.1 Pro 64-bit (6.3, Build 9600)', 'SISARKOM-13', '', 0, 0, '', 'LG LED 20M37A', 'Logitech', 'Logitech'),
(147, 572, 'A-14', 'Intel(R) Core(TM) i3-4150 CPU @ 3.50GHz (4 CPUs), ~3.5GHz', '4 GB DDR 3', '500 GB', 'Windows 8.1 Pro 64-bit (6.3, Build 9600)', 'SISARKOM-14', '', 0, 0, '', 'LG LED 20M37A', 'Logitech', 'Logitech'),
(148, 573, 'A-15', 'Intel(R) Core(TM) i3-4150 CPU @ 3.50GHz (4 CPUs), ~3.5GHz', '4 GB DDR 3', '500 GB', 'Windows 8.1 Pro 64-bit (6.3, Build 9600)', 'SISARKOM-15', '', 0, 0, '', 'LG LED 20M37A', 'Logitech', 'Logitech'),
(149, 573, 'A-15', 'Intel(R) Core(TM) i3-4150 CPU @ 3.50GHz (4 CPUs), ~3.5GHz', '4 GB DDR 3', '500 GB', 'Windows 8.1 Pro 64-bit (6.3, Build 9600)', 'SISARKOM-15', '', 0, 0, '', 'LG LED 20M37A', 'Logitech', 'Logitech'),
(150, 574, 'A-16', 'Intel(R) Core(TM) i3-4150 CPU @ 3.50GHz (4 CPUs), ~3.5GHz', '4 GB DDR 3', '500 GB', 'Windows 8.1 Pro 64-bit (6.3, Build 9600)', 'SISARKOM-16', '', 0, 0, '', 'LG LED 20M37A', 'Logitech', 'Logitech'),
(151, 575, 'A-17', 'Intel(R) Core(TM) i3-4150 CPU @ 3.50GHz (4 CPUs), ~3.5GHz', '4 GB DDR 3', '500 GB', 'Windows 8.1 Pro 64-bit (6.3, Build 9600)', 'SISARKOM-17', '', 0, 0, '', 'LG LED 20M37A', 'Logitech', 'Logitech'),
(152, 576, 'A-18', 'Intel(R) Core(TM) i3-4150 CPU @ 3.50GHz (4 CPUs), ~3.5GHz', '4 GB DDR 3', '500 GB', 'Windows 8.1 Pro 64-bit (6.3, Build 9600)', 'SISARKOM-18', '', 0, 0, '', 'LG LED 20M37A', 'Logitech', 'Logitech'),
(153, 577, 'A-19', 'Intel(R) Core(TM) i3-4150 CPU @ 3.50GHz (4 CPUs), ~3.5GHz', '4 GB DDR 3', '500 GB', 'Windows 8.1 Pro 64-bit (6.3, Build 9600)', 'SISARKOM-19', '', 0, 0, '', 'LG LED 20M37A', 'Logitech', 'Logitech'),
(154, 578, 'A-20', 'Intel(R) Core(TM) i3-4150 CPU @ 3.50GHz (4 CPUs), ~3.5GHz', '4 GB DDR 3', '500 GB', 'Windows 8.1 Pro 64-bit (6.3, Build 9600)', 'SISARKOM-20', '', 0, 0, '', 'LG LED 20M37A', 'Logitech', 'Logitech'),
(155, 579, 'A-21', 'Intel(R) Core(TM) i3-4150 CPU @ 3.50GHz (4 CPUs), ~3.5GHz', '4 GB DDR 3', '500 GB', 'Windows 8.1 Pro 64-bit (6.3, Build 9600)', 'SISARKOM-21', '', 0, 0, '', 'LG LED 20M37A', 'Logitech', 'Logitech'),
(156, 580, 'A-22', 'Intel(R) Core(TM) i3-4150 CPU @ 3.50GHz (4 CPUs), ~3.5GHz', '4 GB DDR 3', '500 GB', 'Windows 8.1 Pro 64-bit (6.3, Build 9600)', 'SISARKOM-22', '', 0, 0, '', 'LG LED 20M37A', 'Logitech', 'Logitech'),
(157, 581, 'A-23', 'Intel(R) Core(TM) i3-4150 CPU @ 3.50GHz (4 CPUs), ~3.5GHz', '4 GB DDR 3', '500 GB', 'Windows 8.1 Pro 64-bit (6.3, Build 9600)', 'SISARKOM-23', '', 0, 0, '', 'LG LED 20M37A', 'Logitech', 'Logitech'),
(158, 582, 'A-24', 'Intel(R) Core(TM) i3-4150 CPU @ 3.50GHz (4 CPUs), ~3.5GHz', '4 GB DDR 3', '500 GB', 'Windows 8.1 Pro 64-bit (6.3, Build 9600)', 'SISARKOM-24', '', 0, 0, '', 'LG LED 20M37A', 'Logitech', 'Logitech'),
(159, 583, 'A-25', 'Intel(R) Core(TM) i5-4460  CPU @ 3.20GHz (4 CPUs), ~3.2GHz', '4 GB DDR 3', '500 GB', 'Windows 8.1 Pro 64-bit (6.3, Build 9600)', 'SISARKOM-25', '', 0, 0, '', 'LG LED 20M37A', 'Logitech', 'Logitech'),
(160, 584, 'A-01', 'Intel(R) Core(TM) i5-3470 CPU @ 3.20GHz (4 CPUs), ~3.2GHz', '2 GB DDR 3', '500 GB', 'Windows 10 Enterprise 64-bit (10.0, Build 10240)', 'LAB-RTC-01', '', 0, 0, 'DVD Multi', 'Dell E1914Hf', 'Dell', 'Dell'),
(161, 585, 'A-02', 'Intel(R) Core(TM) i5-3470 CPU @ 3.20GHz (4 CPUs), ~3.2GHz', '2 GB DDR 3', '500 GB', 'Windows 10 Enterprise 64-bit (10.0, Build 10240)', 'LAB-RTC-02', '', 0, 0, 'DVD Multi', 'Dell E1914Hf', 'Dell', 'Dell'),
(162, 586, 'A-03', 'Intel(R) Core(TM) i5-3470 CPU @ 3.20GHz (4 CPUs), ~3.2GHz', '2 GB DDR 3', '500 GB', 'Windows 10 Enterprise 64-bit (10.0, Build 10240)', 'LAB-RTC-03', '', 0, 0, 'DVD Multi', 'Dell E1914Hf', 'Dell', 'Dell'),
(163, 587, 'A-04', 'Intel(R) Core(TM) i5-3470 CPU @ 3.20GHz (4 CPUs), ~3.2GHz', '2 GB DDR 3', '500 GB', 'Windows 10 Enterprise 64-bit (10.0, Build 10240)', 'LAB-RTC-04', '', 0, 0, 'DVD Multi', 'Dell E1914Hf', 'Dell', 'Dell'),
(164, 588, 'A-05', 'Intel(R) Core(TM) i5-3470 CPU @ 3.20GHz (4 CPUs), ~3.2GHz', '2 GB DDR 3', '500 GB', 'Windows 10 Enterprise 64-bit (10.0, Build 10240)', 'LAB-RTC-05', '', 0, 0, 'DVD Multi', 'Dell E1914Hf', 'Dell', 'Dell'),
(165, 589, 'A-06', 'Intel(R) Core(TM) i5-3470 CPU @ 3.20GHz (4 CPUs), ~3.2GHz', '2 GB DDR 3', '500 GB', 'Windows 10 Enterprise 64-bit (10.0, Build 10240)', 'LAB-RTC-06', '', 0, 0, 'DVD Multi', 'Dell E1914Hf', 'Dell', 'Dell'),
(166, 590, 'A-07', 'Intel(R) Core(TM) i5-3470 CPU @ 3.20GHz (4 CPUs), ~3.2GHz', '2 GB DDR 3', '500 GB', 'Windows 10 Enterprise 64-bit (10.0, Build 10240)', 'LAB-RTC-07', '', 0, 0, 'DVD Multi', 'Dell E1914Hf', 'Dell', 'Dell'),
(167, 591, 'A-08', 'Intel(R) Core(TM) i5-3470 CPU @ 3.20GHz (4 CPUs), ~3.2GHz', '2 GB DDR 3', '500 GB', 'Windows 10 Enterprise 64-bit (10.0, Build 10240)', 'LAB-RTC-08', '', 0, 0, 'DVD Multi', 'Dell E1914Hf', 'Dell', 'Dell'),
(168, 416, '', '', '', '', '', '', '', 0, 0, '', '', '', '');

--
-- Triggers `invent_sub_stuff_spec`
--
DROP TRIGGER IF EXISTS `after_spec_insert`;
DELIMITER //
CREATE TRIGGER `after_spec_insert` AFTER INSERT ON `invent_sub_stuff_spec`
 FOR EACH ROW BEGIN
    INSERT INTO invent_sub_stuff_log_spec
       VALUES
       ( 
           NULL,
		   NEW.sub_stuff_id,
		   SYSDATE(),
		   NEW.spec_table,
		   NEW.spec_processor,
		   NEW.spec_ram,
		   NEW.spec_harddisk,
           NEW.spec_operating_system,
           NEW.spec_computer_name,
           NEW.spec_ip_address,
           NEW.spec_vga_card,
           NEW.spec_lan_card,
           NEW.spec_dvd_rom,
           NEW.spec_monitor,
           NEW.spec_keyboard,
           NEW.spec_mouse
       );
END
//
DELIMITER ;
DROP TRIGGER IF EXISTS `after_spec_update`;
DELIMITER //
CREATE TRIGGER `after_spec_update` AFTER UPDATE ON `invent_sub_stuff_spec`
 FOR EACH ROW BEGIN
    INSERT INTO invent_sub_stuff_log_spec
       VALUES
       ( 
           NULL,
		   NEW.sub_stuff_id,
		   SYSDATE(),
		   NEW.spec_table,
		   NEW.spec_processor,
		   NEW.spec_ram,
		   NEW.spec_harddisk,
           NEW.spec_operating_system,
           NEW.spec_computer_name,
           NEW.spec_ip_address,
           NEW.spec_vga_card,
           NEW.spec_lan_card,
           NEW.spec_dvd_rom,
           NEW.spec_monitor,
           NEW.spec_keyboard,
           NEW.spec_mouse
       );
END
//
DELIMITER ;

-- --------------------------------------------------------

--
-- Table structure for table `login`
--

CREATE TABLE IF NOT EXISTS `login` (
  `login_id` int(11) NOT NULL AUTO_INCREMENT,
  `login_user` varchar(100) NOT NULL,
  `login_pass` varchar(100) NOT NULL,
  PRIMARY KEY (`login_id`)
) ENGINE=InnoDB  DEFAULT CHARSET=latin1 AUTO_INCREMENT=5 ;

--
-- Dumping data for table `login`
--

INSERT INTO `login` (`login_id`, `login_user`, `login_pass`) VALUES
(3, 'admin', 'admin'),
(4, 'user', 'user');

/*!40101 SET CHARACTER_SET_CLIENT=@OLD_CHARACTER_SET_CLIENT */;
/*!40101 SET CHARACTER_SET_RESULTS=@OLD_CHARACTER_SET_RESULTS */;
/*!40101 SET COLLATION_CONNECTION=@OLD_COLLATION_CONNECTION */;
